Token,Polarity
(full)_of_PRP,-3
abhorred,-5
abhorrent,-5
able,1
abominable,-5
above-average,2
abrasive,-4
absent,-1
absorbing,4
absurd,-3
abundant,3
abusive,-5
abysmal,-4
academic,1
acceptable,1
accessible,3
acclaimed,4
accord-based,1
accurate,3
acidic,-4
acrid,-2
acrimonious,-2
action,1
action-adventure,1
action-packed,3
active,2
acute,-2
adaptable,2
addictive,2
adept,3
adequate,1
adequate-borderline,1
adjustable,2
admirable,4
adorable,5
adored,4
adroit,3
adventurous,3
adverse,-2
aerodynamic,1
affectionate,2
affluent,3
afraid,-3
after-the-fact,-1
age-old,1
aggressive,-3
aggrieved,-2
aghast,-5
agile,1
agonizing,-5
aimless,-1
air-conditioned,3
airy,2
alarming,-2
alcoholic,-1
alien,-2
alienated,-2
all-around,1
all-clear,1
alleged,-2
all-mighty,3
all-new,2
all-out,3
allowable,1
all-purpose,1
all-star,5
all-time,1
all-too-rare,3
all-weather,1
all-you-can-eat,4
almighty,3
aloof,-1
already-nice,2
altruistic,4
amateurish,-2
amateurish-looking,-2
amazing,5
ambitious,-1
ambivalent,-1
amenity-poor,-3
amicable,1
amoral,-1
ample,3
amusing,3
anal,-4
anal-retentive,-4
analytical,-1
ancient,-1
anemic,-3
angelic,5
angry,-3
annoyed,-2
annoying,-4
antagonistic,-2
anticipated,2
anticlimactic,-3
anticlimatic,-3
anti-climatic,-3
anti-glare,2
anti-lock,2
antipathetic,-2
antique,1
anxious,-2
apocalyptic,-5
apologetic,-1
appalled,-4
appalling,-5
apparent,-1
appealing,3
appreciative,3
apprehensive,-2
appropriate,1
apt,2
arbitrary,-2
archetypal,1
arresting,2
arrogant,-3
artful,3
artificial,-1
artistic,3
artistical,2
artsy,1
ashamed,-3
asinine,-3
as-is,-1
aspiring,1
assertive,1
ass-kicking,3
asthmatic,-1
astonishing,3
astounding,3
astronomically-priced,-5
astute,3
attentive,2
attractive,3
auspicious,2
austere,1
authentic,1
authoritarian,-4
auto-focus,1
automatic,1
automatically-bestselling,1
autorcratic,-2
auto-tilting,1
auxiliary,1
available,3
average,1
averaged-sized,1
average-good,1
average-sized,1
avid,2
awesome,5
awestruck,5
awkward,-3
awry,-2
baked-on,-3
balanced,1
balky,-2
banal,-4
bang-up,2
bankrupt,-3
barbaric,-3
barbarous,-3
bare,-1
barren,-2
baseless,-2
base-level,-1
bearable,-1
beastly,-3
beauteous,4
beautiful,4
beefy,-1
believable,1
believeable,2
bellicose,-3
belligerent,-4
beloved,4
beneficial,1
benevolent,4
benign,1
berserk,-2
best-drawn,5
best-handling,5
bestselling,5
best-selling,3
better-feeling,4
better-like,4
better-than-before,4
bewildered,-2
b-grade,-3
big-breasted,-1
big-hearted,2
big-time,2
bitchy,-3
bite-sized,1
bitter,-2
bittersweet,-1
bizarre,-3
black-market,-2
blameless,1
blameworthy,-2
bland,-2
blander-than-bland,-2
blank,-1
blasphemous,-4
blatant,-3
bleak,-3
bleary-eyed,-2
blind,-3
blinding,-3
blissful,4
bloated,-3
bloody,-2
blunt,-1
boastful,-1
bogus,-2
boisterous,2
bold,3
bone-headed,-3
bonkers,-3
book-lined,1
booted,-2
booze-and-puke,-4
borderless,3
borderline,-1
bored,-3
boresome,-3
boring,-3
bothersome,-3
bouncy,1
boxy,-1
boy-bait,-3
brainless,-3
brain-racking,-1
brand-new,4
brand-spankin,4
brand-spankin'-new,4
brash,-2
brassy,-3
brave,-1
brazen,-3
break-in,-4
breathless,2
breathtaking,5
breath-taking,5
brief,-1
bright,3
brilliant,5
brittle,-3
broken,-3
brusque,-1
brutal,-5
brutish,-3
bubble-butt,-5
bubbly,2
buck-toothed,-1
budget-conscious,2
buff,3
buggy,-3
built-in,2
built-to-last,3
bulky,-2
bumpy,-1
burdensome,-2
businesslike,-1
busted,-2
busy,-1
byzantine,-2
cafeteria-style,-1
cafeteria-type,-1
calm,2
calumnious,-4
campy,-1
cancerous,-4
canned,-3
canned-tasting,-3
capable,2
capacious,2
capricious,-2
captivating,3
careful,1
careless,-1
casual,1
catastrophic,-5
catatonic,-2
catchy,2
cathartic,2
caustic,-3
cautious,-1
cavernous,1
c-class,-1
celestial,1
central,1
ceremonial,1
challenging,1
chaotic,-2
character-driven,1
characterless,-2
charismatic,3
charitable,1
charming,4
cheap-o,-4
cheeky,-3
cheerful,3
cheerless,-2
cheery,1
cheesy,-2
cherubic,2
chic,2
childish,-3
childlike,-1
child-like,-1
chilly,-1
chintzy,-2
chivalrous,2
choppy,-1
chronic,-3
chubby,-2
chuckle-worthy,2
chummy,1
chunky,-2
civil,1
civilized,1
classical,1
classy,3
clean,2
clear-bodied,2
clear-cut,3
clever,3
clich?d,-2
cliched,-3
cliff-hanging,2
climactic,2
climate-control,1
clinical,-1
cloudless,1
cloudy,-1
cloying,-2
clueless,-2
clumsy,-2
clunky,-2
coarse,-2
cocky,-2
coercive,-2
cogent,2
cognizant,2
coherent,2
cold,-1
collectible,1
colorful,2
color-matched,1
comedic,1
comely,2
comfortable,2
comic,1
comical,1
commendable,3
commensurate,1
commercial,-1
commonplace,-2
compact,1
comparable,1
compassionate,3
compatible,1
compelling,4
competent,2
competitive,1
complementary,1
complex,-1
complicated,-1
complimentary,2
comprehensible,1
comprehensive,3
compulsive,-1
conceited,-3
concise,2
concrete,1
condemnable,-3
condescending,-2
conducive,2
confident,2
configurable,2
conformist,-2
confusing,-2
congenial,1
congested,-2
conscientious,1
conscious,1
conservative,-1
considerate,3
consummate,4
contemporary,1
contemptible,-4
contemptuous,-3
continual,-1
contrived,-3
controllable,1
controversial,-1
convenient,3
conventional,-1
convincing,2
convoluted,-2
cooked-on,-2
cool,2
cooler-headed,1
cooler-than-usual,-1
cool-looking,4
copious,2
cordial,2
cordless,3
corny,-2
correct,3
corrosive,-3
cost-cutting,-2
cost-effective,1
costly,-2
cotton-pickin,-2
cotton-picking,-2
counterproductive,-1
courageous,2
courteous,3
courtly,2
cover-ups,-3
coying,2
cozy,3
cpu-intensive,-3
cpu-sapping,-3
cramped,-2
cranky,-3
crappy,-4
crass,-3
crazed,-1
crazy,-1
creaky,-2
creative,3
credible,1
creepy,-3
criminal,-4
crisp,2
critical,-2
crooked,-1
cross,-2
cross-platform,2
crud,-4
crude,-2
cruel,-4
crumbling,-2
crummy,-4
crushing,-3
cryptic,-1
cumbersome,-2
cursed,-3
cursory,-2
curt,-1
customary,1
cute,3
cutesy,-1
cut-rate,2
cutthroat,-2
cynical,-3
dainty,1
damaging,-4
danceable,1
dandy,3
dangerous,-3
darker-and-funnier-than-expected,4
darn,-2
dashing,3
dated,-1
daunting,-2
dazzled,3
dazzling,5
deadly,-1
dear,3
debatable,-1
debilitating,-3
decadent,5
deceitful,-1
decent,1
decent-sized,2
decisive,1
decorative,2
decrepit,-3
dedicated,2
defective,-3
defensive,-1
defiant,-3
deficient,-3
deformed,-2
deft,3
defunct,-1
degrading,-2
dejected,-2
delicate,2
delicious,5
delighted,4
delightful,5
deluded,-4
delusional,-5
deluxe,5
demeaning,-3
dense,-3
dependable,3
dependent,-1
deplorable,-5
depraved,-5
depressed,-2
depressing,-2
deprived,-2
deranged,-5
derogatory,-2
deserved,1
deserving,3
desirable,4
desolate,-3
desperate,-2
despicable,-5
despised,-5
despotic,-4
destitute,-4
destructive,-3
desultory,-3
detailed,1
deteriorating,-3
detestable,-5
detrimental,-2
devestating,-4
devious,-3
devoid,-1
dexterous,2
dextrous,2
diabolical,-4
dictatorial,-3
difficult,-2
digital,1
dignified,2
digruntled,-3
dilapidated,-3
diligent,2
dim,-1
diminutive,-3
dim-witted,-3
dingy,-3
dinky,-2
dionysian,-1
dire,-2
direct-to-video,-3
dirty,-3
disabled,-1
disappointing,-3
disasterous,-5
disconcerting,-1
discontent,-2
discontented,-1
discouraging,-1
discourteous,-1
discriminating,-2
discriminatory,-2
diseased,-5
disgraced,-4
disgusted,-3
disgusting,-5
disheveled,-4
dishonest,-3
dishwasher-safe,3
disillusioned,-3
disjointed,-2
disloyal,-2
dismal,-5
dismayed,-3
disobedient,-1
disorderly,-2
disorganized,-2
disparaging,-2
disposable,-1
disruptive,-2
dissatisfied,-2
distant,-1
distasteful,-3
distinct,1
distinctive,1
distinguished,3
distracting,-1
distraught,-4
distressing,-3
distrustful,-2
disturbed,-2
disturbing,-3
divine,5
divisive,-2
do-it-yourself,1
dope,3
double-cross,-2
double-duty,1
doubtful,-1
downcast,-2
down-home,1
down-to-earth,1
drab,-1
draconian,-3
drama-free,1
dramatic,1
dreadful,-5
dreamlike,5
dreamy,5
dreary,-4
drivable,-1
drugged-out,-4
drunk,-4
drunken,-4
dual-stage,2
dual-zone,2
dubious,-2
dull,-2
dumb,-3
dummy,-1
durable,3
dynamic,2
dysfunctional,-3
eager,2
early,1
earnest,2
earsplitting,-4
earthly,1
earthy,-1
easygoing,2
easy-to-carry,3
easy-to-read,3
easy-to-use,3
ebullient,4
eccentric,-1
eclectic,1
economic,3
economical,3
ecstatic,5
edgy,2
educational,3
eerie,-1
effective,1
efficacious,1
efficient,2
effortless,3
egotistical,-3
egregious,-4
elaborate,2
elated,4
electric,1
electrical,1
electronic,2
elegant,4
elementary,-1
elfin,2
eloquent,3
eminent,4
emotional,-1
emotionally-invested,-1
emotionless,-2
empty,-2
enamored,3
enchanting,4
endearing,4
enduring,2
energetic,3
energy-saving,3
engaging,4
engrossing,4
enhanced,2
enjoyable,4
enlightened,4
enormous,3
enraged,-4
entertaining,2
enthralling,4
enthusiastic,4
enviable,4
envious,-3
epic,4
episodic,-1
equal,1
equitable,1
ergonomic,3
erotic,2
errant,-1
erratic,-1
erroneous,-1
erudite,1
esoteric,-2
essential,2
eternal,2
ethereal,2
ethical,1
euphonious,3
euphoric,5
european,1
evasive,-2
even-tempered,2
eventful,2
ever-evolving,2
ever-faithful,2
everlasting,2
ever-wonderful,3
evident,1
evil,-5
evocative,2
exasperating,-3
excellent,5
exceptional,5
excessive,-2
excited,3
exciting,5
exclusive,5
excruciating,-5
excusable,1
execrable,-5
exemplary,4
exempt,1
exorbitant,-4
exotic,4
expandable,2
expansive,3
expensive,-1
explanatory,1
explicit,-1
exploitative,-4
exquisite,5
extendable,1
extensive,3
extraneous,-1
extraordinary,5
exuberant,4
eye-popping,2
fabulous,5
factual,1
faint,-1
fairground-inspired,1
faithful,2
falls-off,-3
famed,1
familiar,1
famous,3
fanatical,-3
fanciful,3
fancy,1
fantastic,5
fantastical,-1
farfetched,-3
far-fetched,-3
fascinating,5
fashionable,2
fast-cooking,4
fast-food,-2
fastidious,-1
fast-paced,2
fat,-3
fatal,-5
faulty,-3
favorable,3
favored,2
favorite,4
fearless,3
fearsome,-3
featureless,-2
feature-packed,5
fed-up,-2
feeble,-2
feebleminded,-2
feel-good,3
feisty,2
fertile,1
festive,3
fetid,-4
fever-wracked,-3
fictitious,-1
fiendish,-3
fierce,-2
fiery,1
filmy,-2
filthy,-5
fine-dining,4
finest,4
firm,1
first-class,4
first-rate,4
fitting,1
five-diamond,5
five-star,5
flaky,-2
flamboyant,-1
flashy,1
flat,-2
flat-panel,2
flavored,1
flawed,-2
flawless,5
flexible,3
flicker-free,3
flighty,-1
flimsy,-2
flirtatious,1
floppy,-1
fluffy,-1
fond,2
foolhardy,-2
foolish,-2
foolproof,1
forbidding,-3
forceful,2
foreboding,-1
foreign,-1
forgettable,-3
forgivable,1
forlon,-3
formidable,2
formulaic,-3
fortunate,4
foul,-5
foul-mouthed,-3
fourth-rate,-4
four-way,1
fragile,-1
fragmentary,-1
fragmented,-1
fragrant,2
frameless,1
fraudulent,-3
fraught,-2
frayed,-1
frazzled,-2
freakish,-3
freaky,-2
free-spirited,2
freeze-ups,-3
frequent,1
fresh,2
freshly-squeezed,3
friendly,4
frightening,-1
frigid,-3
frilly,-1
frisky,2
frivolous,-2
frothy,-2
fruitful,2
frustrated,-2
frustrating,-2
fucked,-3
fucking,-4
fugitive,-2
full-featured,3
full-fledged,2
full-service,5
full-size,2
functional,1
fun-filled,4
funky,1
fun-loving,3
funny,3
fun-to-drive,4
furious,-4
fussy,-2
futile,-2
futurisitic,1
fuzzy,-2
gallant,3
garden-variety,-2
gauche,-1
gaudy,-3
gawky,-1
generous,2
genious,2
genre-breaking,3
gentle,2
genuine,2
germ-free,2
ghastly,-5
giant,1
giddy,1
gifted,2
gigantic,1
gimmicky,-2
gin-soaked,-4
glad,2
glamorous,2
glazed-eyed,-3
gleaming,1
global,1
gloomy,-3
glorious,5
glossy,1
glum,-2
godawful,-5
goddamned,-3
god-knows-what,-3
golden,1
good-intentioned,1
good-natured,2
gorgeous,5
gothic,-2
graceful,3
gracious,2
grainy,-1
grand,4
grandiose,1
graphic,-3
grateful,2
grating,-2
gratuitous,-2
grave,-2
gray,-1
greasy,-2
greedy,-2
green,1
grey,-1
grievous,-5
grim,-3
grimy,-3
gripping,3
grisly,-4
gritty,-2
groan-inducing,-3
gross,-3
gross-out,-3
grotesque,-5
grouchy,-1
groundbreaking,3
grown-up,1
gruff,-2
gruff-voiced,-2
grungy,-2
guilty,-2
gullible,-2
gut-busting,2
gutless,-3
gutsy,3
hackneyed,-2
hairy,-1
half-assed,-3
half-bad,-2
half-done,-2
half-drunk,-3
half-expected,-1
halfhearted,-1
half-naked,-2
half-price,1
handicapped,-1
handsome,4
hand-written,1
handy,2
hang-ups,-1
haphazard,-3
hap-hazard,-3
hapless,-1
happy,4
hard-hitting,-1
hard-nosed,-1
hard-pressed,-1
hard-to-reach,-2
hard-working,2
hardy,2
harmful,-2
harmless,1
harmonious,2
harsh,-2
hasty,-2
hateful,-5
haughty,-2
haunting,-1
hazardous,-3
headache-inducing,-5
head-nod-inducing,-3
healthy,3
heartbreaking,-2
heartening,2
heartfelt,3
heartless,-2
heartwarming,3
hearty,2
heavenly,5
heavy-duty,2
heavy-handed,-3
heavyhearted,-1
heavyish,-2
hectic,-2
heedless,-2
hefty,-2
helpful,2
helpless,-3
heroic,3
hesitant,-1
hideous,-5
high-end,3
high-energy,2
high-performance,3
high-profile,1
high-quality,3
high-resolution,3
high-sounding,-2
high-speed,1
high-up,1
hilarious,4
hi-larious,1
hip,2
historic,1
hit-making,4
ho-hum,-1
hollow,-2
holy,4
home-cooked,2
homeless,-1
home-made,1
honest,2
honorable,2
hopeful,2
hopeless,-2
hopped-up,-1
horny,-2
horrendous,-5
horrible,-5
horrid,-5
horrific,-5
horrifying,-5
horror,-3
hospitable,3
hostile,-4
hot,1
hubristic,-2
human,2
humane,2
humanistic,1
humble,2
humid,-2
humiliating,-4
humongous,1
humorous,3
hungry,-2
hurtful,-3
hushed,-3
hyperactive,-1
hyperkinetic,2
hypersensitive,-1
hypnotic,1
hypocritical,-3
hysterical,3
icy,-2
ideal,4
idealistic,-1
idiotic,-4
idle,-1
idyllic,4
ignorant,-3
ill-advised,-3
ill-conceived,-2
illegal,-2
illegitimate,-3
ill-fated,-2
ill-favored,-1
ill-fitting,-2
illicit,-1
illiterate,-3
ill-mannered,-1
illogical,-2
ill-prepared,-2
ill-tempered,-2
ill-treated,-2
illusory,-1
illustrious,3
imaginable,3
imaginative,3
imaginitive,3
immaculate,5
immature,-2
immense,1
imminent,-2
immoderate,-1
immodest,-1
immoral,-3
impaired,-2
impatient,-3
impeccable,5
impenetrable,1
imperfect,-1
impersonal,-2
impertinent,-2
impervious,1
implacable,-1
implausible,-2
imposing,-1
impossible,-1
impotent,-3
impoverished,-3
impractical,-1
imprecise,-1
imprecision,-2
impregnable,1
impressive,4
improper,-1
improved,2
impulsive,-3
impure,-1
inaccurate,-2
inadequate,-2
inane,-4
inappropriate,-2
inappropriate-for-children,-1
inarticulate,-1
inattentive,-1
inaudible,-2
incapable,-1
incendiary,-3
incessant,-2
incisive,2
incommunicative,-2
incompetent,-3
incomplete,-2
incomprehensible,-2
incongruous,-1
inconsistent,-1
inconsolable,-3
inconvenient,-3
incorrect,-2
incorruptible,1
incredulous,-1
indecent,-3
indecipherable,-2
indefatigable,2
in-demand,4
independent,1
in-depth,3
indestructible,2
indifferent,-2
indigenous,1
indistinct,-1
indolent,-1
indomitable,2
indulgent,-2
industrious,3
industry-standard,1
ineffective,-2
ineffectual,-2
inefficacious,-2
inefficient,-2
inelegant,-1
ineloquent,-1
inequitable,-2
inescapable,-2
inestimable,4
inevitable,-1
inexcusable,-4
inexhaustible,2
inexorable,-2
inexpensive,3
inexperienced,-1
inexplicable,-1
inexpressible,-1
inextricable,-1
infallible,3
infamous,-2
infantile,-3
infectious,2
inferior,-3
infernal,-3
infertile,-2
infested,-4
infirme,-1
inflexible,-2
in-flight,-2
influential,2
informal,1
informative,2
infuriated,-4
ingenious,4
ingenuous,-2
ingratiating,2
inhospitable,-2
inhumane,-3
innocent,2
innocuous,1
innovative,4
inoffensive,1
inoperable,-2
inoperative,-2
inopportune,-1
inprudent,-1
inpudent,-3
inquisitive,1
in-room,3
insane,-3
insecure,-2
insidious,-4
insightful,3
insincere,-2
insolent,-3
insolvent,-3
inspirational,3
instructional,3
insubstantial,-1
insufferable,-4
insufficient,-1
insulted,-2
insulting,-4
insurmountable,-3
intact,1
intangible,1
intellectual,3
intelligent,4
intense,3
intensive,2
intentional,-1
interesting,3
interference-free,3
interminable,-3
intermittent,-1
international-gourmet,4
intimate,1
intolerable,-4
intoxicated,-1
intoxicating,2
intractible,-2
intricate,1
intriguing,3
introspective,1
intrusive,-2
intuitive,3
in-tune,3
invaluable,4
invasive,-2
invective,-3
inventive,3
invidious,-3
invincible,1
invisible,1
inviting,3
invulnerable,4
in-your-face,-3
irate,-3
ironic,-2
irrational ,-2
irreconcilable,-2
irredeemable,-4
irrefutable,2
irregular,-1
irrelevant,-1
irreproachable,3
irresistible,3
irresponsible,-2
irreverent,-1
irritable,-1
irritated,-2
irritating,-4
isolated,-1
isolating,-3
jaded,-3
jam-packed,4
jaw-dropping,4
jazzy,1
jealous,-2
jittery,-1
jolly,3
jovial,3
joyful,4
joyless,-3
joyous,4
juandiced,-2
jubilant,4
judicious,2
juvenile,-2
kaput,-2
karmic,1
keyless,3
kicky,2
kind,2
king-size,4
king-sized,4
knee-jerk,-1
knowledgeable,3
laborious,-3
lackadaisical,-2
lacking,-2
lackluster,-2
laconic,-1
laden,-2
ladylike,2
laid-back,1
lake-view,5
lame,-2
lame-duck,-1
languid,-1
languishing,-2
lanky,-1
larger-than-life,2
lascivious,-3
lasting,3
latch-key,-1
late-night,-1
latent,1
latest,1
laughable,-2
laugh-out-loud,3
lavish,4
law-abiding,1
lax,-2
lazy,-2
leaden,-2
leading,3
lean,-1
least_favorite,-3
leather-wrapped,3
lecherous,-3
legal,1
legendary,4
legible,1
legitimate,1
leisurely,2
lengthy,-1
lenient,1
lesser-known,-1
less-expensive,1
less-than-desireable,-2
less-than-reliable,-2
less-than-substantial,-2
lethal,-4
lethargic,-1
letter-perfect,3
lewd,-2
liberal,2
licentious,-2
lifeless,-4
lifelike,3
lighthearted,2
light-hearted,2
lightning-fast,3
lightweight,1
light-weight,3
likable,2
likeable,2
lilliputian,-2
limited,-1
line-up,-3
lint-free,3
lionhearted,1
listenable,2
literate,2
liveable,1
lively,3
liven-up,3
loathsome,-5
lofty,-1
logical,1
lone,-1
lonely,-2
longish,-2
long-lasting,2
long-running,1
long-standing,1
long-winded,-2
loony,-2
loopy,-2
lopsided,-2
lotus-like,3
loud-mouth,-3
lousy,-4
lovable,4
loveable,4
loveless,-2
lovely,2
loving,2
low-abrasive,1
low-budget,-1
low-cost,1
low-end,-1
lower-cost,1
lower-priced,1
low-flying,-1
low-grade,-3
lowly,-3
low-rent,-1
low-risk,2
low-speed,1
loyal,2
luaus,2
lubricious,-2
lucid,1
lucious,4
luckewarm,-2
lucky,2
lucrative,2
ludicrous,-4
ludicrously-priced,-4
lukewarm,-2
luminous,4
luscious,4
lush,3
lustful,-2
lustrous,3
luxuriant,3
luxurious,4
lyrical,3
macabre,-1
mad,-3
maddening,-2
magical,4
magnetic,2
magnificent,5
majestic,4
maladjusted,-2
malcontent,-2
malcontented,-2
malevolent,-4
malicious,-4
malignant,-4
malodorous,-3
manageable,1
manipulative,-3
manly,1
marginal,-1
marvellous,5
marvelous,5
masochistic,-3
mass-market,-1
mass-marketed,-1
master-chef,3
masterful,4
masterly,3
matchless,4
materialistic,-1
maternal,1
matronly,-2
mature,1
maximum,1
meandering,-2
meaningful,3
meaningless,-3
mean-spirited,-3
meaty,2
mediocre,-2
mega-star,3
mega-success,5
melancholic,-1
mellow,1
melodic,2
melodramatic,-2
melted-looking,-3
memorable,3
menacing,-3
menial,-3
merciless,-3
mere,-2
merry,2
mesmerizing,4
messy,-2
meticulous,1
middling-to-weak,-1
mid-line,-1
mid-range,-1
mighty,1
mind-blowing,2
mind-boggling,-1
mindless,-2
mind-numbing,-3
mini-conflict,-1
minimal,-1
minimum,-1
miraculous,4
misbegotten,-1
mischievous,-2
miserable,-5
misguided,-2
mish,-2
mish-mash,-2
mis-match,-2
misogynistic,-3
mistaken,-2
moderately-priced,1
modern,2
modest,1
modular,2
moldy,-3
momentous,4
money-hungry,-3
monolithic,-1
monotone,-2
monotonous,-3
monstrous,-4
moody,-1
moot,-1
moralistic,-1
morbid,-3
moronic,-3
morose,-2
mortifying,-4
mournful,-4
mouth-watering,5
moving,3
much-admired,4
much-used,1
muddy,-2
multi-dimensional,2
multi-faceted,2
multi-task,3
multi-tasking,3
multi-tasks,3
murderous,-4
murky,-1
muscular,3
mushy,-1
musical,3
must-have,4
mystic,1
mystical,2
naive,-2
naked,-2
nameless,-2
narrow,-1
nasal,-1
nasty,-5
native,1
natural,2
naughty,-1
nauseating,-3
nauseous,-4
near-classic,3
near-cult,3
near-perfect,4
near-pornographic,-3
near-silence,2
neat,2
neat-freak,-1
needless,-1
needy,-1
nefarious,-3
negligent,-2
negligible,-2
nerd-like,-1
nerdy,-1
nervous,-1
neurotic,-3
new,2
new-classic,1
newfound,1
new-this-year,3
nice-looking,2
nicely-tuned,2
nice-sounding,2
nifty,2
nihilistic,-1
nimble,1
nit-picky,-2
noble,2
no-frills,-1
no-holds-barred,1
noisy,-2
non-adjustable,-2
no-name,-2
non-calibrated,-2
nonchalant,-1
non-communicative,-2
non-corrosive,3
non-descript,-1
non-existant,-2
nonexistent,-2
non-existent,-2
non-functional,-3
non-functioning,-3
non-gourmet,-1
no-no,-2
non-proprietary,3
nonsensical,-2
non-skid,3
non-slip,3
non-smoking,1
non-stick,3
non-sticks,3
non-traditional,3
no-questions-asked,3
normal,2
nostalgic,2
nosy,-2
not_(bad),2
not_enough,-2
notable,1
notchy,-2
noteable,1
noteworthy,2
notorious,-4
not-quite-mediocre,-2
not-too-subtle,-2
nourishing,2
novel,1
numb,-2
nurturing,2
oafish,-2
obligatory,-2
oblivious,-3
obnoxious,-3
obscene,-4
obselete,-3
observant,1
obsessive,-3
obsolete,-3
obstinate,-1
obsure,-1
obtainable,1
obtrusive,-1
obtuse,-1
odd,-1
offbeat,1
off-cambered,-1
off-center,-1
offended,-2
offensive,-2
offhand,-1
official,1
off-point,-1
ok,1
okay,1
old,-1
old-fashioned,-1
old-hat,-1
old-school,-1
old-soul,-1
ominous,-3
one-dimensional,-2
one-note,-2
one-of-a-kind,3
one-on-one,1
onerous,-3
one-sided,-2
one-track,-2
operational,1
operative,1
opportune,1
opressive,-3
optimal,2
optimistic,2
optimum,4
optional,1
opulent,4
organic,3
orgasmic,5
original,1
ornate,2
ornery,-2
oscar-winning,4
oscar-worthy,5
ostentatious,-1
otherworldly,3
outdated,-2
outgoing,2
outlandish,-3
outmoded,-2
out-of-it,-1
out-perform,3
outraged,-4
outrageous,-1
outspoken,-1
outstanding,5
oven-proof,2
oven-safe,2
over-acting,-3
overblown,-2
over-boosted,-1
over-developed,-1
over-done,-2
overdrive,-1
overdue,-2
over-engineered,-2
overgrown,-2
over-played,-2
over-powerful,-2
over-priced,-3
over-rated,-3
oversimplified,-1
oversized,-2
over-spiritualized,-2
over-the-top,-3
overweight,-2
overwhelming,-1
over-whelming,-1
overworked,-2
overwrought,-3
overzealous,-2
padlockable,3
painful,-4
painless,1
painstaking,-3
palatable,1
pale,-1
paltry,-2
pampered,4
panicky,-2
panoramic,5
paper-thin,-1
papery,-1
paranoid,-2
parasitic,-3
passionate,3
passive-agressive,-1
pastoral,2
paternal,-1
pathetic,-4
pathological,-4
patient,3
patriarchal,-2
patriotic,1
peaceful,4
peculiar,-2
pedantic,-4
pedestrian,-2
peerless,5
peevish,-1
penetrating,3
peppy,2
perfect,5
perfidious,-4
performance-oriented,1
perfunctory,-1
pernicious,-3
perplexed,-2
persistent,-2
personable,2
persuasive,1
pertinent,1
perturbed,-2
pervasive,-1
perverse,-4
pessimistic,-1
petty,-2
petulant,-1
pgnacious,-3
phenomenal,5
phony,-3
piano-blessed,5
piano-heavy,-1
picky,-2
pinched,-2
pint-sized,-1
pithy,2
pitiable,-3
pitiful,-4
plasticky,-1
plausible,1
playable,2
playful,2
pleasant,4
pleasing,4
plebian,-1
plentiful,2
plodding,-3
plucky,2
plug-and-play,3
plush,1
poetic,3
poignant,4
pointless,-4
poisonous,-2
polished,2
polite,2
political,-1
poor,-2
popular,3
porky-looking,-3
pornographic,-4
portable,4
portly,-1
posh,2
positive,3
possible,1
potent,1
poverty-stricken,-1
powerful,3
powerless,-2
power-mad,-1
practical,1
preachy,-1
precious,3
precise,2
precision,1
predatory,-2
predictable,-2
preeminent,4
pre-eminent,4
preferable,1
prejudicial,-2
pre-owned,-1
pre-packaged,-1
preposterous,-4
preservative-laden,-3
prestigious,5
presumptuous,-1
pretentious,-3
pretty-boy,-3
prevalent,-1
priceless,5
prideful,-1
prim,-1
prime,1
primitive,-2
principled,2
pristine,4
priviledged,1
proactive,2
problematic,-3
problem-free,3
productive,1
profane,-4
professional,3
professional-looking,3
proficient,2
profitable,1
profound,4
programmable,2
progressive,2
prohibitive,-3
prolific,3
prolonged,-1
prominent,1
promiscuous,-2
promising,2
prompt,1
prone,-1
proper,1
properous,2
proprietary,-1
prosperous,2
protective,-1
proud,1
pseudo,-2
pseudo-intellectual,-1
psychopathic,-2
psychotic,-4
punchy,-2
punk,-2
puny,-4
puritan,-2
puritanical,-2
purposeful,2
pushy,-1
put-off,-2
puzzling,-1
quaint,2
quality,3
quarrelsome,-2
quasi-fascist,-4
quasi-luxury,1
queasy,-2
queen-sized,3
queer,-1
questionable,-1
quiet,1
quintessential,3
quirky,1
quite-boring,-2
rabid,-3
racist,-5
racy,2
radiant,4
radical,-1
ragged,-1
rain-soaked,-2
rainy,-1
rakish,-3
rambling,-1
rampant,-1
ramshackle,-2
rancid,-5
rank,-3
rapturous,5
rare,1
rash,-1
raspy,-1
rational,1
ratty,-1
raw,-1
readable,1
ready-to-pop,1
realistic,1
real-life,1
real-world,1
reasonable,1
recalcitrant,-2
receptive,1
reckless,-2
reclining,3
recognisable,1
recognizable,1
recommendable,3
record-setting,3
recoverable,1
red-blooded,-1
redeeming,1
redepemption,2
redundant,-1
refillable,3
refined,4
reflective,2
refreshing,4
regal,4
regretful,-2
regular,1
relaxing,1
relentless,-2
relevant,1
reliable,2
reliant,-1
religious,-1
reluctant,-1
remarkable,4
reminiscent,1
remorseless,-1
remote,-1
removable,4
renowned,3
repetitious,-1
repetitive,-1
replete,-1
reprehensible,-4
repressive,-3
reproachful,-2
repugnant,-4
repulsive,-5
reputable,3
resilient,2
resourceful,2
resource-heavy,-1
respectable,1
respectful,1
resplendent,4
responsible,1
responsive,1
restaurant-like,2
restful,1
restless,-1
resurgent,2
reticent,-1
revealing,-1
revengeful,-3
reviled,-4
revolting,-4
revolutionary,3
rewarding,3
rhythmic,3
rich,3
rickety,-3
ridiculous,-3
riff-raff,-3
right,1
righteous,-2
rigid,-1
ringed,-1
ripe,-1
rip-offs,-2
risky,-2
ritz-carlton,4
riveting,4
robot-sounding,-2
robust,2
rockin,3
rocky,-1
romantic,3
roomy,3
rosy,2
rough,-1
rousing,3
rowdy,-2
r-rated,-1
rubbery,-2
rude,-3
rugged,3
ruinous,-4
run-down,-2
rusted,-3
rustic,1
rustic-yet-contemporary,2
rust-prone,-3
rusty,-3
ruthless,-2
sacred,3
sad,-2
safe,1
sage,3
salacious,-3
saleable,1
salvageable,-1
sanctimonious,-3
sand-covered,2
sandy,2
sane,1
sanguine,1
sappy,-2
satanic,-5
satisfactory,1
satisfying,3
savage,-3
savory,3
savvy,2
scarce,-1
scared,-1
scary,-3
scathing,-4
scatological,-4
scenic,4
scheming,-3
schizophrenic,-3
scholarly,1
scientific,1
scrumptious,5
scrupulous,1
scummy,-2
seamless,3
second-rate,-2
second-skimmings,-2
secretive,-2
sedate,1
seductive,1
seedy,-3
seething,-4
see-through,-3
self-appointed,-1
self-congratulatory,-1
self-defeating,-2
self-described,-1
self-destructive,-2
self-hatred,-3
self-indulgent,-2
self-inflicted,-2
selfish,-3
self-mutilating,-3
self-respecting,1
self-righteous,-2
self-serving,-2
self-sufficient,2
selling-out,-2
sell-out,-2
senile,-3
sensational,5
senseless,-3
sensitive,1
sentimental,2
sequal,-1
serene,1
severe,-1
sex-and-booze-drenched,-3
sexual,1
sexy,4
shabby,-2
shady,-2
shaky,-2
shallow,-2
shameful,-3
shameless,-3
sharp,1
sharp-cornered,-3
sharp-tongued,-4
sheepish,-2
shifty,-1
shiny,1
shitty,-3
shocking,-1
shoddy,-3
shoeless,-2
short-lived,-1
showy,-1
shrewd,1
shrill,-3
shy,-1
sick,-3
sickening,-5
sickly,-3
significant,1
silent,2
silky,3
silly,-1
silver,1
simplistic,-1
sincere,2
sinful,-2
sinister,-3
sizable,1
sizzling,1
skeptical,-2
sketchy,-2
skilful,2
skilled,2
skillful,2
skimpy,-1
skippable,-3
skittish,-1
sky-high,-1
slack,-2
slack-jawed,-1
slanderous,-3
slapstick,-1
slavish,-3
sleazy,-3
sleek,3
sleepless,-3
slender,1
slick,3
slightly-predictable,-1
slightly-skewed,-1
slim,1
slimy,-3
slippery,-1
sloppy,-3
slothful,-3
slow-moving,-1
sluggish,-2
slumpy,-1
sluttish,-2
smallish,-1
small-town,-1
smashed,-2
smashed-up,-2
smooth,1
smoother,2
smooth-running,3
smug,-2
smutty,-2
snappy,2
snazzy,3
sneaky,-1
snot-crusted,-5
snot-nosed,-3
snotty-nosed,-4
sobering,-2
so-called,-1
social,1
sociopathic,-2
soft-porn,-3
softy,-1
soggy,-2
solemn,1
solid,1
somber,-1
sombre,-1
soothing,1
sophisticated,3
soporific,-1
sordid,-3
sore,-2
so-so,-1
soulful,1
sound,1
souped-up,2
sour,-2
space-age,1
spacey,-1
spacious,4
sparse,-1
spartan,-2
spastic,-2
special,3
specialized,3
spectacular,5
speed-on-demand,3
speedy,1
spicy,2
spirited,2
spiritless,-2
spiteful,-3
splendid,4
spoiled,-3
spongy,-2
spontaneous,1
spoon-fed,-2
sporadic,-1
sporting,2
sporty,2
spotless,4
spotty,-2
sprawling,-2
springy,1
spunky,2
spurious,-2
squat,-1
squeaky,-2
squeamish,-2
stable,1
stagnant,-3
stagy,-2
stained,-3
stainless,2
stainless-steel,2
stale,-2
stand-alone,1
standard,1
stand-offish,-2
star-crossed,-2
stark,-1
stately,2
static,-1
steady,1
steep,-1
stellar,4
stereotyped,-1
stereotypical,-1
sticky,-1
stiff,-1
stillborn,-3
stilted,-1
stimulating,2
stinky,-3
stirring,2
stodgy,-1
stormy,-1
straightforward,1
straight-forward,1
straight-line,1
strained,-2
strange,-2
strangely-shaped,-2
strategic,2
streamlined,4
stream-lined,4
street-smart,2
street-wise,2
strenous,-2
stressed-out,-4
stricken,-3
strict,-2
striking,1
struggling,-2
stubborn,-3
stubby,-2
stuck-on,-3
studious,2
stuffy,-3
stunning,4
stunted,-1
stupendous,5
stupid,-4
stupid-funny,3
sturdy,2
style-fest,1
stylish,4
stylistic,3
suave,2
sub-average,-2
sublime,5
sub-par,-2
substandard,-3
substantial,1
substantive,1
subtle,1
subversive,-3
successful,3
sufficient,1
suitable,1
sullen,-2
sultry,1
sumptuous,3
sumptuous-looking,2
sunny,3
superb,4
superdrive,3
superficial,-1
superior,4
super-luxury,5
super-violent,-3
supportive,1
supreme,4
surly,-2
surreal,-1
susceptible,-2
suspenseful,2
suspensful,1
suspicious,-2
sweet,3
swell,2
sweltering,-2
swift,1
swivel,2
sympathetic,2
symphonic,3
synchronized,3
synthetic,-1
tabloid,-4
tacked-on,-1
tacky,-3
tainted,-3
talented,2
talent-impaired,-5
talky,-1
tall,1
tame,-1
tan,1
tangible,1
tasteful,1
tasteless,-3
tasty,2
tawdry,-1
technological,1
tedious,-3
teeny,-1
teflon-coated,3
temperamental,-2
temperate,1
tempermental,-2
tempting,1
tenacious,3
tender,3
tense,-2
tepid,-2
terminal,-3
terrible,-5
terrific,5
terrifying,-3
terse,-1
thankful,1
thankless,-2
third-rate,-3
thorny,-1
thorough,2
thoughtful,2
thoughtless,-2
thrifty,1
thrilling,3
thriving,3
throaty,-1
throw-away,-1
throw-aways,-1
throw-back,-2
thugged-out,-2
thuggish,-1
tidy,1
tight,-1
tight-fitting,-1
timely,2
timid,-1
tiny,-1
tipsy,-1
tiresome,-2
tiring,-2
tolerable,1
tolerant,1
too-low,-1
too-sophisticated,-1
top,2
top-dollar,3
top-drawer,3
top-end,3
top-notch,5
top-quality,5
top-rack,3
top-rate,5
tormented,-4
torrid,-1
tortured,-4
torturous,-4
tossable,-3
touching,2
touch-screen,3
touchy,-2
tough,-2
touristy,-2
toxic,-4
traditionless,-1
tragic,-3
traitorous,-4
trance-like,-1
tranquil,2
transparent,-1
trashy,-3
traumatic,-3
traumatized,-3
treacherous,-4
treasonous,-4
trendy,-1
tricky,-1
trim,1
trite,-3
triumphant,3
trivial,-1
tropical,1
troubled,-2
troublesome,-3
trustworthy,2
truthful,2
tubular,3
tumultuous,-2
turbulent,-3
turgid,-3
twisted,-3
twisty,-1
two-faced,-3
typical,1
tyrannical,-4
ugly,-5
ultimate,1
ultra-compact,4
ultra-conservative,-3
unable,-1
unacceptable,-4
unamusing,2
unappropriate,-2
unassailable,3
unattended,-2
unattractive,-3
unauthentic,-2
unavailable,-2
unavoidable,-1
unbalanced,-1
unbearable,-3
unbelievable,-2
unbiased,1
unbidden,-1
unbridled,1
uncanny,1
uncaring,-2
uncertain,-1
uncivil,-1
uncivilized,-2
unclean,-3
unclear,-1
uncluttered,3
uncomfortable,-2
uncompromising,1
unconcerned,1
uncontrollable,-2
unconventional,1
unconvinced,-2
unconvincing,-2
uncouth,-1
uncoventional,2
uncreative,-2
undamaged,2
undaunted,1
undependable,-2
underdeveloped,-1
underpaid,-1
understandable,1
underwritten,-2
undesirable,-2
undignified,-1
undone,-2
undying,1
uneasy,-1
unecessary,-1
uneducated,-2
unencumbered,1
unenjoyable,-3
unesthetic,-3
unethical,-3
uneven,-1
uneveness,-1
unexceptional,-1
unexplained,-1
unfair,-2
unfaithful,-2
unfamiliar,-2
unfavorable,-3
unfeeling,-1
unfettered,1
unfinished,-1
unfit,-2
unforgettable,4
unforgivable,-5
unforgiving,-3
unfortunate,-2
unfriendly,-2
unfulfilled,-2
unfunny,-2
un-funny,-2
un-gentle,-2
ungrateful,-2
unhappy,-3
unhealthy,-3
unheard,-1
unhelpful,-3
unholy,-3
unhurried,-2
unidentifiable,-1
unimaginative,-2
unimportant,-1
unimpressed,-2
unimpressive,-2
uninspired,-2
unintelligent,-2
unintended,-1
uninterested,-1
uninteresting,-2
uninvited,-1
uninvolving,-1
unique,3
unique-looking,3
universal,3
unjust,-2
unjustifiable,-3
unkempt,-2
unkind,-3
unknown,-1
unlawful,-1
unlikable,-3
unlimited,2
unlistenable,-5
unlisteneable,-5
unmatched,5
unmotivated,-1
unmoving,-2
unnatural,-1
unnecessary,-1
unnerved,-2
unnerving,-2
unoriginal,-2
unorthodox,1
unpainted,-1
unparalleled,3
unpleasant,-3
unpolished,-1
unpopular,-2
unprecedented,2
unpredictable,1
unprepared,-2
unpretentious,2
unprofitable,-1
unqualified,-1
unready,-1
unrealistic,-1
unreasonable,-1
unredeemable,-1
unrefined,-2
unrelenting,-2
unreliable,-1
unremarkable,-2
unrestricted,2
unruly,-1
unsafe,-2
unsatisfactory,-2
un-satisfied,-2
unsavory,-2
unscathed,1
unscrupulous,-3
unsettling,-2
unshaven,-2
unsightly,-3
unskilled,-1
unsophisticated,-1
unsound,-2
un-special,-1
unspectacular,-1
unstable,-4
unsteady,-1
unsuccessful,-1
unsupported,-2
unsure,-1
unsuspecting,-2
unsustainable,-3
unsympathetic,-4
untenable,-2
untested,-1
unthinkable,-4
untimely,-1
untouched,1
untrue,-2
untrustworthy,-2
untruthful,-2
unusable,-4
unusual,1
unwanted,-2
unwarranted,-3
unwashable,-4
unwatchable,-3
unweildy,-1
unwelcome,-2
unwilling,-2
unwise,-2
unworthy,-2
up-and-coming,4
upbeat,4
upcoming,4
upgradable,4
upgradeable,4
uphill,-1
uplifting,3
up-lifting,3
uproductive,-1
upsetting,-3
uptight,-2
urban,1
usable,1
useable,1
useful,1
useless,-4
user-accessible,1
user-friendly,3
vacuous,-2
vague,-2
vain,-2
valiant,4
valid,1
valuable,3
value-packed,3
variable,-1
vast,1
venerable,2
vengeful,-4
venomous,-5
ventilated,3
vernacular,-1
versatile,3
viable,2
vibrant,4
vicious,-5
viewable,1
vigorous,2
vile,-4
vindictive,-3
violent,-2
virginal,1
virtuoso,4
virtuous,3
virulent,-3
vital,1
vivacious,4
vivid,3
vocal,-1
vulgar,-3
vulnerable,-2
wack,-3
wacked,-3
wacky,1
warm,1
warmhearted,2
watchable,1
watered-down,-2
wayward,-1
weak,-2
wearisome,-3
weary,-1
weird,-1
weirdish,-2
welcome,3
well-acted,4
well-assembled,4
well-behaved,2
well-bred,3
well-built,4
well-bundled,4
well-connected,1
well-cropped,4
well-dampened,4
well-defined,4
well-developed,4
well-done,4
well-dressed,4
well-equipped,4
well-fitting,4
well-informed,1
well-intentioned,2
well-kept,4
well-made,4
well-managed,2
well-muted,4
well-placed,4
well-produced,4
well-received,2
well-regarded,2
well-researched,4
well-trained,4
well-tuned,4
well-written,4
whimsical,1
whiney,-3
whiny,-3
white-faced,-1
wholesome,1
wicked,-5
wild,-1
willing,1
wily,-1
winded,-1
wise,3
wishy-washy,-3
wistful,-1
witty,3
wobbly,-3
woeful,-4
wonderful,5
wonderous,5
wondrous,5
wooden,-2
woody,-2
workable,1
workmanlike,2
worse,-4
worst,-5
worthless,-4
worthwhile,3
worth-while,2
worthy,4
would-be,-2
wrecked,-3
wretched,-5
wrongful,-2
wry,1
young,1
youthful,2
zany,3
['d|would]_rather,-2
ably,1
abominably,-5
absurdly,-3
abysmally,-4
academically,1
acceptably,1
accurately,3
actively,2
acutely,-2
addictively,2
adeptly,3
adequately,1
admirably,4
adorably,5
adroitly,3
adversely,-2
affectionately,2
affordable,3
affordably,3
aggressively,-3
agonizingly,-5
aimlessly,-1
alarmingly,-2
allegedly,-2
altruistically,4
amateurishly,-2
ambitiously,1
amicably,1
amply,3
amusingly,3
anally,-3
analytically,-1
angrily,-3
annoyingly,-3
anxiously,-2
apologetically,-1
appallingly,-5
apprehensively,-2
appropriately,2
aptly,2
arbitrarily,-2
arrogantly,-3
artfully,3
artificially,-1
artistically,2
astonishingly,1
astoundingly,3
astray,-1
atrocious,-5
atrociously,-5
attentively,2
attractively,4
authentically,2
automatically,1
avidly,2
award-winning,5
awesomely,5
awful,-5
awkwardly,-2
bad,-3
badly,-3
barbarically,-3
beautifully,4
beautifuly,4
believably,1
benevolently,4
benignly,1
best,5
better,2
bewildering,-2
bewilderingly,-2
bitterly,-2
bizarrely,-3
blandly,-2
blankly,-1
blatantly,-3
bleakly,-3
blindingly,-1
blindly,-3
blissfully,4
bluntly,-1
b-movie,-3
boastfully,-1
boldly,3
boringly,-3
brashly,-2
bravely,2
brazenly,-3
breathlessly,1
breathtakingly,5
briefly,-1
brightly,3
brilliantly,5
brutally,-5
brutishly,-3
busily,-1
calmly,2
campily,-1
capably,2
capriciously,-2
captivatingly,3
carefully,1
carelessly,-1
casually,1
catastrophically,-5
catatonically,-2
cautiously,-1
centrally,1
ceremonially,1
charitably,1
charmingly,4
cheap,-1
cheaply,1
cheekily,-2
cheerfully,3
cheerily,1
cheesily,-1
chicly,2
chivalrously,2
choppily,-1
chronically,-3
civilly,1
classically,1
cleanly,2
cleverly,3
clinically,-1
clumsily,-2
clunkily,-2
coarsely,-2
cogently,2
coherently,2
coldly,-1
colorfully,2
comedically,1
comfortably,2
comically,1
commendably,3
commensurately,1
commercially,-1
compactly,1
comparably,1
competently,2
competitively,1
complexly,-1
comprehensively,3
compulsively,-1
concisely,2
concretely,1
condescendingly,-2
confidently,2
confusingly,-2
conscientiously,1
consciously,1
conservatively,-1
contemptuously,-3
controversially,-1
conveniently,3
conventionally,-1
convincingly,2
convolutedly,-2
coolly,-1
cooly,-2
cordially,2
correctly,3
cost-effectively,1
courageously,3
courteously,3
crassly,-3
creatively,3
credibly,1
creepily,-3
criminally,-4
crisply,1
crookedly,-1
crudely,-2
cruelly,-4
cryptically,-1
curtly,-1
customarily,1
cutely,3
cynically,-3
dangerously,-3
dark,-1
darkly,-1
dauntingly,-2
dazzlingly,5
dead,-3
dearly,3
debatably,-1
decently,1
decisively,2
defiantly,-1
deftly,3
dejectedly,-2
delicately,2
deliciously,4
delightfully,5
densely,-3
dependably,3
deplorably,-5
depressingly,-2
derogatorily,-2
deservedly,1
desperately,-2
desperatly,-2
despicably,-5
detrimentally,-2
deviously,-3
diabolically,-4
difficultly,-1
digitally,1
digitaly,2
diligently,2
dimly,-1
disappointingly,-3
disasterously,-5
disconcertingly,-1
discouragingly,-1
disgustedly,-3
disgustingly,-5
dishonestly,-3
disjointedly,-2
dismally,-5
disparagingly,-2
distinctly,1
distractingly,-1
distressingly,-3
disturbingly,-3
divinely,5
dreadfully,-5
drearily,-5
drunkenly,-2
dubiously,-2
dully,-2
dynamically,2
eagerly,2
earnestly,2
easily,3
easy,1
economically,1
educationally,3
eerily,-1
effectively,1
efficiently,2
effortlessly,3
elaborately,2
electrically,1
electronically,2
elegantly,4
eloquently,3
eminently,4
emotionally,-1
enchantingly,4
endearingly,4
endlessly,-1
energetically,3
engagingly,4
engrossingly,4
enjoyably,4
enough,1
entertainingly,3
enthusiastically,4
entirly,1
epically,4
equitably,1
ergonomically,3
ergonomicly,3
erotically,2
erratically,-1
erroneously,-1
eternally,2
ethereally,2
ethically,1
evasively,-2
exasperatingly,-3
excellently,5
exceptionaly,2
excessively,-2
excitedly,3
exclusively,5
excruciatingly,-5
excusably,1
exorbitantly,-4
exotically,3
expensively,1
expertly,3
exploitatively,-4
exquisitely,4
extensively,3
exuberantly,4
fabulously,5
faintly,-1
fair,1
faithfully,2
falsely,-1
famously,1
fanatically,-3
fantastically,-1
fascinatingly,5
fastidiously,-1
fatally,-3
favorably,3
fearlessly,3
fearsomely,-3
feebly,-2
festively,3
fiendishly,-3
fiercely,-2
fine,2
finely,2
firmly,2
first,1
fittingly,1
flamboyantly,-1
flashily,-1
flat-footed,-2
flatly,-2
flawlessly,5
flexibly,3
flirtatiously,1
flush,1
fondly,2
foolishly,-2
forcefully,2
formidably,2
fortunately,2
fraudulently,-3
freakishly,-3
free,3
freely,3
freshly,2
frighteningly,-1
fruitfully,2
frustratingly,-2
fun,3
functionally,1
funnily,3
furiously,-4
geeky,-2
generic,-2
generically,-2
generously,3
gently,2
genuinely,2
giddily,1
gladly,2
globally,1
gloomily,-2
gloriously,5
glumly,-2
good,3
gorgeously,5
gracefully,3
graciously,2
gradual,1
gradually,1
graphically,-3
gratefully,2
gratingly,-2
gratuitously,-2
gravely,-2
greatly,1
greedily,-2
grievously,-5
grimly,-3
grossly,-3
grotesquely,-5
groundbreakingly,3
guiltily,-2
halfheartedly,-1
handily,2
handsomely,4
haphazardly,-2
haplessly,-1
happily,4
hard,-1
harmlessly,1
harmoniously,2
harshly,-2
hastily,-2
hauntingly,-3
healthily,3
heartbreakingly,-2
heartily,2
heart-wrenchingly,2
heavily,-1
heavy,-1
heavy-handedly,-3
helpfully,2
helplessly,-3
heroically,3
hesitantly,-1
hideously,-5
hilariously,4
historically,1
honorably,2
hopelessly,-3
horrendously,-5
horribly,-5
horrifically,-5
horrifyingly,-5
hotly,1
humanely,2
humbly,2
humiliatingly,-4
humorously,3
hypnotically,1
hypocritically,-3
hysterically,-1
icily,-2
idealistically,-1
idiotically,-4
idly,-1
ill,-2
ill-advisedly,-3
illegally,-2
illegitimately,-3
illicitly,-1
illogically,-2
imaginatively,3
imaginitively,3
immaculately,5
immensly,2
imminently,-2
impatiently,-2
impeccably,5
impenetrably,1
imperfectly,-1
implacably,-1
impossibly,-2
impressively,3
improperly,-1
impulsively,-2
inaccurately,-2
inadequately,-2
inanely,-4
inappropriately,-2
incessantly,-2
incisively,2
incompetently,-3
incompletely,-1
incomprehensibly,-2
inconsistently,-1
incorrectly,-2
incredulously,-1
independently,1
indifferently,-2
indulgently,2
ineffectively,-2
inefficiently,-2
inelegantly,-1
ineptly,-2
inequitably,-2
inevitably,-1
inexcusably,-4
inexorably,-2
inexpensively,3
inexplicably,-2
inextricably,-1
infamously,-2
informally,1
ingeniously,4
ingenuously,-2
inhumanely,-3
innocently,2
innocuously,1
innovatively,4
insidiously,-4
insincerely,-2
insufferably,-4
insufficiently,-1
insultingly,-4
intellectually,3
intelligently,4
interestingly,2
interminably,-3
intermittently,-1
intimately,1
intolerably,-4
intricately,2
intriguingly,3
intuitively,1
inventively,2
ironically,-1
irrationally,-2
irrefutably,2
irregularly,-1
irresponsibly,-2
irritatingly,-3
jaw-droppingly,4
jealously,-2
joyfully,4
joyously,4
jubilantly,4
judiciously,2
just,1
justly,1
keenly,2
kindly,2
laboriously,-3
laconically,-1
lamely,-2
languidly,-1
large,1
lastingly,3
late,-1
laughably,-2
lavishly,4
lazily,-2
legibly,1
legitimately,1
leniently,1
lethargically,-1
liberally,2
lifelessly,-4
lightheartedly,2
little,-1
loftily,-1
logically,1
long,-1
loose,-1
loosely,-1
loud,-2
loudly,-2
lovably,4
lovingly,3
loyally,2
luckily,2
ludicrously,-4
lustfully,-2
luxuriantly,3
lyrically,2
maddeningly,-2
madly,-1
magically,4
magnificently,5
majestically,4
maliciously,-4
marvellously,5
marvelously,5
masterfully,4
meaningfully,3
melodramatically,-2
memorably,3
menacingly,-3
mercilessly,-3
merely,-2
merrily,2
messily,-2
meticulously,3
mightily,2
mind-blowingly,2
mindlessly,-2
mindnumbingly,-2
mind-numbingly,-3
minimally,-1
miraculously,4
mischievously,-1
miserably,-5
misguidedly,-2
mistakenly,-2
modestly,1
monstrously,-3
morally,2
morosely,-2
movingly,3
murkily,-1
musically,1
mystically,2
naively,-2
nakedly,-2
narrowly,-1
nasally,-1
nastily,-5
natively,-1
naturally,1
nauseatingly,-3
neatly,2
needlessly,-2
negatively,-1
nervously,-1
newly,3
nice,2
nicely,2
nicely-finished,2
nimbly,1
nobly,2
noisily,-2
nonchalantly,1
normally,1
nostalgically,2
notably,1
noticeablely,1
notoriously,-4
obnoxiously,-3
obsessively,-3
oddly,-1
offensively,-2
officially,1
off-topic,-1
ominously,-3
one-dimensionally,-2
one-sidedly,-2
operationally,1
opportunely,1
optimally,2
optimistically,2
optionally,1
organically,3
orgasmically,5
ornately,2
ostentatiously,-1
outlandishly,-3
outstandingly,5
overly,-2
overwhelmingly,-2
painfully,-4
painlessly,1
painstakingly,-2
paternally,-1
pathetically,-4
pathologically,-4
patiently,3
peacefully,3
peculiarly,-1
perfunctorily,-1
persistently,-1
persuasively,1
pertinently,1
perversely,-4
pitifully,-4
plain,-1
plainly,-1
plausibly,1
playfully,2
pleasantly,3
pleasingly,4
poignantly,3
pointlessly,-4
politely,2
politically,-1
poorly,-2
popularly,3
positively,3
powerfully,3
preciously,1
precisely,2
predictably,-2
preferably,1
preposterously,-4
presumptuously,-1
pretentiously,-3
prettily,2
pricelessly,3
pricey,-1
pridefully,-1
primly,-1
proactively,2
problematically,-3
productively,1
professionally,2
proficiently,2
profitably,1
progressively,2
prohibitively,-3
prominently,1
promisingly,2
promptly,1
properly,1
protectively,-1
proudly,2
psychotically,-4
purely,1
purposefully,2
quick,2
quickly,1
quietly,1
quirkily,1
rabidly,-3
radiantly,4
rarely,-1
rashly,-1
rationally,1
readily,1
ready,1
realistically,1
realisticly,1
realy,1
reasonably,1
rechargeable,4
recklessly,-2
recognizably,1
redundantly,-1
reflectively,2
refreshingly,4
regretfully,-2
relentlessly,-2
relevantly,1
reliably,2
religiously,-1
reluctantly,-1
remorselessly,-1
remotely,-1
repetitiously,-1
repetitively,-2
repulsively,-5
resoundingly,3
respectfully,1
responsibly,2
responsively,1
restlessly,-1
revoltingly,-4
rhythmically,3
richly,3
righteously,-2
rightly,1
rigidly,-1
robustly,2
romantically,3
roughly,-1
rousingly,3
rudely,-3
ruggedly,3
ruinously,-4
ruthlessly,-2
sadly,-2
safely,2
sappily,-2
satisfactorily,1
satisfyingly,3
savagely,-3
scarcely,-1
scathingly,-4
scenically,4
scientifically,1
scrumptiously,5
scrupulously,1
seamlessly,3
securely,1
seductively,1
selfishly,-3
senselessly,-3
sensitively,1
sentimentally,2
serenely,1
severely,-1
shabbily,-2
shakily,-2
shamefully,-3
shamelessly,-3
sharply,-1
sheepishly,-2
shockingly,-1
shoddily,-3
short,-1
shrewdly,1
shrilly,-3
sickeningly,-5
silently,1
simplistically,-1
sinfully,-3
sketchily,-2
skilfully,2
skillfully,2
slavishly,-3
slickly,-1
sloppily,-2
slow,-1
slowly,-1
sluggishly,-2
sly,-1
slyly,-1
smart,2
smartly,2
smoothly,1
smugly,-2
sneakily,-1
soft,1
softly,1
solemnly,1
solidly,1
soothingly,1
sorely,-2
sorry,-3
soulfully,3
soundly,1
sparsely,-1
speedily,1
spiritedly,2
splendidly,4
spontaneously,1
sporadically,-1
sportily,2
sportingly,2
spotlessly,4
spuriously,-2
starkly,-1
steadily,1
steeply,-1
stereotypically,-1
stirringly,2
straightforwardly,1
straight-forwardly,1
strangely,-1
strategically,2
streetwise,1
strictly,-2
strong,2
stubbornly,-2
stupendously,5
stupidly,-4
stylishly,3
stylistically,1
sub-plot,-2
substantially,1
substantively,1
successfully,3
sufficiently,1
suitably,2
sullenly,-2
superbly,4
superficially,-1
supportively,1
supremely,4
sure,1
surely,1
surreally,-1
suspensefully,2
suspiciously,-2
sustainable,2
sustainably,2
sweetly,3
swiftly,1
sympathetically,2
synthetically,-1
tangibly,1
tastefully,2
tediously,-3
temperamentally,-1
temperately,1
temptingly,1
tenaciously,3
tenderly,3
tepidly,-2
terminally,-3
terrifically,5
terrifyingly,-3
tersely,-1
thankfully,-2
thanklessly,-2
thoughtfully,2
thoughtlessly,-2
thriftily,1
thrillingly,3
tightly,-1
timidly,-1
tiresomely,-2
tolerantly,1
toll-free,2
too,-3
torturously,-4
touchingly,2
toughly,-2
tragically,-3
transparently,-1
trashily,-3
trendily,-1
triumphantly,3
trusty,1
truthfully,2
unacceptably,-4
unappealing,-2
unavoidably,-1
unbearably,-4
uncannily,1
unclearly,-1
uncomfortably,-2
uncompromisingly,2
uncontrollably,-2
unconventionally,1
unconvincingly,-2
understandably,2
undesirably,-2
uneasily,-1
unevenly,-1
unfairly,-2
unfavorably,-2
unforgivably,-5
unforgivingly,-3
unfortunately,-2
unfortunatly,-2
ungloriously,-2
unhappily,-3
unhurriedly,-2
unimaginatively,-2
unintelligently,-2
uninterestingly,-1
uniquely,1
unjustifiably,-3
unjustly,-2
unlawfully,-1
unnaturally,-1
unnecessarily,-1
unpleasantly,-3
unpredictably,1
unrealistically,-1
unreasonably,-2
unrelentingly,-2
unscrupulously,-3
unsettlingly,-2
unsuccessfully,-2
unwatchably,-4
unwillingly,-2
unwisely,-2
uproariously,3
usefully,1
uselessly,-4
usual,1
vacuously,-2
vaguely,-2
vainly,-2
valiantly,3
validly,1
viciously,-5
vigorously,2
violently,-2
virtuously,3
vitally,1
vividly,3
warily,-1
warmly,1
weakly,-2
wearily,-1
weirdly,-1
well,1
whimsically,1
wickedly,-5
willingly,1
wisely,3
wistfully,-1
wittily,3
woefully,-4
wonderfully,5
wondrously,5
woodenly,-2
worthily,4
wretchedly,-5
write-off,-4
wrong,-2
wrongfully,-2
wrongly,-2
wryly,1
(attention)_to_detail,2
(bang)_for_PSP$_buck,2
(change)_of_pace,1
(crack)_in,-2
(peak)_NN,1
abandon,-1
abandonment,-2
aberration,-2
abhorrence,-4
ability,1
abomination,-5
abrasion,-2
absurdity,-2
absurdness,-2
abundance,2
abuser,-1
acceptance,1
accident,-1
accolade,2
accommodation,-1
accomplishment,3
accusation,-2
achievement,3
acridness,-2
acrimony,-2
acumen,3
adaptability,1
admiration,3
advancement,2
advantage,2
adventure,2
affection,3
affirmation,2
affliction,-2
affront,-3
aggravation,-3
aggression,-3
agony,-4
alienation,-1
allegation,-1
allure,3
aloofness,-1
amateur,-3
ambiguity,-1
amiability,1
amicability,1
amusement,1
anarchy,-3
angel,3
angst,-1
anguish,-4
animosity,-3
annihilation,-4
annoyance,-2
anomaly,-1
anticlimax,-2
antipathy,-2
anxiety,-1
apathy,-2
apocalypse,-3
appreciation,2
apprehension,-1
aptitude,2
argument,-1
arrogance,-3
artist,1
aspersion,-2
aspiration,1
assassination,-1
asset,3
asshole,-3
assistance,1
atrocity,-4
attempt,-1
attune,1
audacity,-2
augment,1
authenticity,2
aversion,-2
avoidance,-1
awesomeness,3
awfulness,-3
awkwardness,-2
backwardness,-3
bafflement,-3
balance,1
banality,-3
bandit,-1
bandwagon,-2
bane,-3
barbarian,-1
barbarity,-3
bargain,2
barrier,-2
bastard,-3
battering,-2
beacon,1
beast,-1
beauty,4
beggar,-2
belligerence,-3
benefit,3
benevolence,1
best-seller,2
betrayal,-4
bewilderment,-3
bible-thumper,-1
bickering,-2
bimbo,-2
bitterness,-2
blabbermouth,-1
blackmail,-3
blame,-2
bleakness,-2
blemish,-1
blessing,2
bliss,4
blockbuster,2
bloodshed,-2
bluff,-1
boldness,3
bombardment,-1
bondage,-1
bonus,2
boom,2
boredom,-3
bounty,3
bout,-1
brat,-2
bravado,-1
bravery,3
brawl,-2
brazenness,-1
breakthrough,2
breakup,-1
brightness,3
brilliance,4
brood,-1
brotherhood,1
brutality,-3
brute,-2
buddy,1
bullshit,-3
bully,-1
bum,-1
bummer,-2
bump,-1
burden,-3
bureaucracy,-1
butchery,-3
buzz,1
calamity,-4
cancellation,-1
cancer,-3
candor,2
cannibal,-4
capability,2
capriciousness,-1
captive,1
carelessness,-2
caricature,-2
carnage,-2
casualty,-2
cataclysm,-4
catastrophe,-5
catch,-1
chagrin,-3
champion,3
chaos,-2
charisma,3
charity,2
charm,3
cheater,-2
cheek,-2
cheer,3
cheerfulness,1
chivalry,2
chore,-3
chum,1
cinch,2
civility,2
clamor,-2
clarity,1
classic,4
claustrophobia,-1
cleanliness,1
clearness,1
clich?,-2
cliche,-2
clique,-2
clone,-1
closemindedness,-3
closeness,1
clout,1
clumsiness,-2
clutches,-1
cockiness,-2
coercion,-2
coherence,1
cohesion,2
collaboration,2
collapose,-2
collision,-1
collusion,-2
comedy,1
commemoration,2
commendation,3
commiseration,-2
commitment,2
commotion,-2
community,1
companion,1
companionship,1
compassion,2
compensation,1
competence,2
complaint,-2
complexity,-1
complication,-2
composure,1
compulsion,-2
conceit,-2
concern,-1
concoction,-2
condemnation,-3
condescension,-2
confidence,2
conformity,-1
confrontation,-1
confusion,-2
congestion,-2
congratulation,2
conquest,2
conscience,2
consent,1
consequence,-2
consistency,2
conspiracy,-2
constancy,1
consternation,-3
contamination,-2
contempt,-3
content,1
contentment,2
continuity,2
contradiction,-1
contribution,2
contrivance,-3
controversy,-2
convenience,1
convention,-1
conviction,1
cooperation,2
coordination,2
cornucopia,3
correction,1
corrosion,-3
corruption,-3
cost,-1
costliness,-2
courage,2
courageousness,2
courtesy,1
coward,-3
crack,-1
crap,-4
crappiness,-4
crash,-2
craziness,-1
creativity,3
credential,1
credibility,2
credulity,-1
creepiness,-1
crime,-2
crisis,-3
critic,-2
criticism,-1
critique,-2
cronie,-2
crony,-2
crook,-1
crotch,-1
cruelty,-2
culmination,4
culprit,-2
culture,1
curmudgeon,-2
cynicism,-3
danger,-2
dangerousness,-1
dark_(age),-2
darkness,-1
deadlock,-2
deadweight,-2
dearth,-1
death,-1
debacle,-4
debauchery,-3
decadence,-2
deceit,-2
deceiver,-2
decency,2
deception,-2
dedication,3
defamation,-2
defect,-2
deficiency,-2
deficit,-1
degeneration,-2
degradation,-2
dehumanization,-3
dejection,-2
delightfulness,3
delinquency,-2
deluge,-1
delusion,-2
dementia,-3
demon,-3
denial,-1
dent,-1
denunciation,-3
dependability,2
depravity,-3
depression,-2
depth,2
derision,-3
derivative,-2
desolation,-3
desperation,-3
despondency,-3
despot,-2
despotism,-1
destabilisation,-1
destitution,-4
destroyer,-2
destruction,-2
detachment,-1
deterioration,-3
determination,1
detour,-1
detraction,-2
detriment,-2
devastation,-4
devestation,-3
deviant,-2
deviation,-1
devil,-1
deviousness,-2
devotion,3
dexterity,2
diatribe,-3
dictator,-3
difficulty,-1
dignity,2
dilemma,-1
diligence,1
din,-1
direness,-3
dirt,-1
disaccord,-1
disadvantage,-2
disadvantageous,-1
disagreement,-1
disappointment,-3
disapproval,-2
disarray,-3
disaster,-4
disbelief,-1
discoloration,-1
discomfort,-1
discord,-1
discount,1
discrimination,-2
disdain,-3
disease,-1
dishonesty,-2
disillusionment,-2
disinterest,-1
dismalness,-3
dismay,-3
disobedience,-1
disorder,-1
disorganization,-2
displeasure,-2
disregard,-1
disrepute,-2
disrespectablity,-1
disrespectfulness,-1
disruption,-2
dissatisfaction,-2
dissent,-1
dissention,-1
disservice,-2
dissolution,-1
distaste,-2
distinction,2
distortion,-2
distraction,-1
distrust,-2
disturbance,-1
disunity,-1
diversity,1
divinity,3
divisiveness,-2
dogma,-2
doldrum,-2
doldrums,-2
dominance,2
domination,-1
donation,1
doubt,-1
downer,-2
downfall,-3
downfallen,-3
downside,-1
drawback,-1
dreadfulness,-4
dream,1
dreariness,-2
dreck,-4
drudgery,-2
dullness,-2
dunce,-2
durability,2
duty,-1
dysfunction,-2
eagerness,1
earnestness,2
ease,1
eccentricity,-1
ecstasy,4
effectiveness,2
efficacy,2
egomania,-3
egotism,-1
elaboration,1
elan,2
elation,3
elegance,2
elimination,-2
eloquence,2
embarassment,-2
embarrasment,-3
embarrassment,-2
emergency,-1
eminence,3
empathy,2
empowerment,1
emptiness,-1
enchantment,3
encouragement,2
encroachment,-2
endorsement,2
enemy,-1
energy,1
enhancement,2
enjoyment,3
enlightenment,1
ennui,-2
enrichment,2
entanglement,-1
entertainment,2
enthusiasm,2
enviousness,-1
epidemic,-3
epithet,-2
equality,2
erosion,-2
error,-2
ethic,1
etiquette,1
euphoria,4
evasion,-1
exaggeration,-2
exasperation,-3
excellence,4
excess,-2
excitedness,1
excitement,2
exclusion,-1
excuse,-1
exhaustion,-1
exhilaration,4
expense,-2
experise,2
expert,2
exploitation,-3
extermination,-3
extortion,-3
extravagance,-1
extreme,-1
extremism,-1
exuberance,3
exultation,3
fabrication,-3
failing,-2
failure,-3
fairness,2
faith,2
faithfulness,3
fake,-2
fallacy,-1
fallout,-1
falsehood,-2
fame,1
familiarity,1
famine,-2
fan,2
fanatic,-2
fanaticism,-2
fantasy,1
farce,-2
fascination,3
fascist,-5
fate,-1
fear,-2
feast,2
feat,2
feature,2
feint,-1
felicity,2
fellowship,2
ferocity,-1
fervor,2
festivity,1
fiasco,-5
fidelity,2
fiend,-3
filth,-3
firmness,1
fitness,2
flair,2
flattery,-1
flaw,-3
flick,-2
flimsiness,-1
flourish,1
fluff,-2
fondness,1
foolishness,-2
foresight,2
forgiveness,1
formality,-1
fortitude,1
fortune,2
fraud,-3
freak,-2
freedom,2
frenzy,-1
freshness,3
fretful,-1
friend,2
friendliness,2
friendship,2
fruition,2
frustration,-2
fulfillment,3
fury,-1
fuss,-1
futility,-2
gaffe,-1
gag,1
gaiety,3
gall,-3
gallantry,2
garbage,-2
gawker,-2
gem,2
generalization,-1
generosity,2
genius,4
germ,-1
ghetto,-2
gift,2
gimmick,-1
gladness,1
glamour,2
glee,3
glitch,-1
gloom,-2
glory,3
glut,-2
goddess,2
goodness,2
goodwill,2
grace,3
graciousness,2
gratification,1
gratitude,2
greatness,3
greed,-3
grief,-1
grievance,-3
grime,-3
groan,-2
grouch,-1
grudge,-2
guarantee,2
guardian,1
guilt,-3
guise,-2
gulf,-1
gumption,3
gunk,-2
gusto,3
hack,-3
hag,-2
hallucination,-1
handicap,-2
happiness,2
harassment,-2
hardship,-1
harmony,2
harpy,-3
harshness,-1
hassle,-1
hatefulness,-3
hatred,-4
haughtiness,-1
haven,2
havoc,-3
hazard,-1
haze,-1
haziness,-2
headache,-2
health,2
heart,1
heaven,3
hegemony,-3
hell,-3
helper,1
helpfulness,1
helplessness,-2
heresy,-2
heretic,-3
hero,2
heroine,2
heroism,3
hideousness,-4
hilariousness,3
hilarity,3
hindrance,-2
hit,2
homage,1
honesty,2
honor,3
honour,3
hooey,-3
hope,1
horde,-2
hostility,-2
hothead,-1
hubris,-2
huckster,-1
humanity,3
humiliation,-3
humility,1
humor,2
humour,1
hurtle,-1
hustler,-2
hype,-2
hypocrisy,-3
hypocrite,-3
hysteria,-2
hysteric,-3
idealism,2
idiot,-3
idleness,-1
ignorance,-3
illegality,-1
illness,-1
illogic,-1
ill-treatment,-1
ill-usage,-1
imagination,2
immorality,-3
impact,1
impartiality,1
impasse,-1
impatience,-2
impediment,-2
imperfection,-1
impetus,1
impiety,-2
importance,2
imposition,-1
imposter,-2
impression,1
imprisonment,-1
impropriety,-1
improvement,2
imprudence,-1
impudence,-3
impunity,-2
impurity,-2
inaccuracy,-2
inadequacy,-3
inaptitude,-2
incident,-1
incoherence,-3
incompatibility,-2
incompatible,-2
incompetence,-3
inconsistency,-2
inconvenience,-1
indecency,-2
independence,1
indictment,-2
indifference,-1
indignation,-3
indignity,-2
indispensabilty,1
indoctrination,-3
indulgence,-1
ineffectiveness,-2
ineffectualness,-1
inefficacy,-1
inefficiency,-2
inelegance,-1
ineptitude,-2
inequality,-1
inequities,-2
inexperience,-1
infallibility,-1
infamy,-3
infection,-3
inferiority,-2
infidel,-3
infiltration,-1
inflation,-1
infraction,-1
infringement,-1
ingenuity,3
ingrate,-2
ingratitude,-2
inhibition,-1
inhospitality,-2
inhumanity,-3
iniquity,-2
injury,-2
injustice,-3
innocence,2
innovation,2
insanity,-3
insecurity,-2
insensitivity,-1
insight,3
insignificance,-2
insincerity,-2
insolence,-2
inspiration,3
instability,-1
insufficiency,-1
integrity,2
intellect,1
intelligence,3
intensity,2
interference,-1
interruption,-1
intimacy,1
intimidation,-1
intolerance,-3
intrusion,-1
inventiveness,2
invidiousness,-2
ire,-2
irony,-1
irrationality,-2
irregularity,-1
irrelevance,-1
irritant,-2
irritation,-1
isolation,-1
issue,-1
jargon,-1
jealousy,-1
jeopardy,-1
jewel,2
joke,1
jolt,-1
joy,3
jubilation,4
jubilee,2
junk,-3
justice,1
killer,-3
kindness,2
knell,-3
knock-off,-2
kudos,2
lackey,-1
lag,-1
lapse,-1
lard,-2
laughingstock,-3
laughter,1
lawlessness,-1
laziness,-2
lechery,-3
leech,-3
legitmacy,1
letdown,-3
lewdness,-2
liability,-3
liar,-2
licentiousness,-2
limitation,-2
liquidation,-1
loathing,-4
logic,1
loneliness,-2
loser,-1
loss,-2
loveliness,3
lover,2
loyalty,2
luck,1
luckiness,1
lull,-2
lunatic,-3
luster,1
luxury,2
lying,-2
lyricism,2
madman,-2
madness,-2
maggot,-3
magic,1
magnificence,4
majesty,3
maladjustment,-1
malady,-2
malaise,-1
malevolence,-3
malice,-2
maliciousness,-3
maltreatment,-2
maniac,-3
manipulation,-2
mantra,-1
masochism,-2
masterpiece,5
mastery,4
maturity,1
meanness,-2
mediocrity,-2
meditation,1
melancholy,-2
melodrama,-3
mercy,2
merit,3
merriment,2
milestone,3
miracle,2
mirth,1
misadventures,-2
misbehavior,-1
miscalculation,-1
mischief,-1
misconception,-1
miscreant,-2
misdirection,-1
misery,-4
misfit,-1
misfortune,-2
misgiving,-1
mish_(mash),-2
mishap,-1
mishmash,-2
mismanagement,-2
misogynist,-3
misogyny,-2
missteps,1
mistake,-2
misunderstanding,-1
mockery,-3
moderation,1
modernity,1
modesty,1
modicum,-3
mold,-2
molestation,-3
monotony,-3
monster,-2
monstrosity,-5
moral,2
morale,1
morality,2
moron,-3
motivation,1
muddle,-2
multitude,1
mumbo-jumbo,-2
mundane,-3
mutant,-2
nastiness,-3
negation,-2
negative,-2
negativity,-1
negligence,-2
nervousness,-1
nightmare,-3
no_frills,-1
no_point,-3
no_way,-4
nobility,3
noise,-1
nonsense,-3
not_$PRP_(cup)_of_tea,-1
notoriety,2
nourishment,1
novelty,1
novice,-1
nuances,1
nuisance,-2
nullification,-1
nutrient,1
obedience,1
objection,-1
obscenity,-3
obscurity,-1
obsession,-2
obstacle,-3
obstruction,-2
oddity,-1
offense,-1
offensiveness,-2
omission,-1
onslaught,-2
opportunity,1
opposition,-2
oppression,-2
oppressiveness,-2
optimism,1
opulence,-1
ordeal,-3
originality,3
outbreak,-2
outcast,-1
outcry,-2
outrageousness,-3
overkill,-1
over-reliance,-1
oversight,-1
oversimplification,-1
overuse,-1
panache,3
pandemonium,-3
paradise,2
paralysis,-1
paranoia,-1
parasite,-3
pariah,-4
partner,1
partnership,1
passion,2
passitivity,-1
passive-agressiveness,-1
passiveness,-1
patience,1
patriot,1
paucity,-2
peace,1
penalty,-1
perfection,5
perfectionism,1
perfectionist,2
peril,-1
perk,1
perplexity,-2
persecution,-1
perseverance,2
perversion,-3
perversity,-2
pessimism,-1
pest,-2
phobia,-1
pinnacle,4
pittance,-2
pity,-1
plausibility,1
playfulness,1
pleasure,3
plight,-2
plot_(hole),-2
plotlessness,-2
ploy,-1
plus,1
poignancy,2
poison,-1
polish,1
pollution,-2
pomp,-1
popularity,2
porn,-2
pornography,-3
positiveness,1
positivity,1
posterity,1
potency,3
poverty,-2
power,1
precaution,1
precedent,1
predator,-1
predicament,-1
predictability,-1
prejudice,-2
preoccupation,-1
pressure,-1
prestige,2
presumption,-1
pretense,-2
pretension,-2
pretention,-2
pride,2
pro,1
problem,-2
procrastination,-1
prodigy,2
productivity,1
profoundness,3
prohibition,-1
prominence,2
promise,2
propaganda,-3
prosecution,-2
prosperity,2
protagonist,1
protection,1
provocation,2
prowess,3
prudence,2
psycho,-3
psychosis,-3
purification,1
purity,2
pussy,-3
puzzlement,-1
quagmire,-3
qualm,-2
quandary,-1
quarrel,-1
quitter,-2
radiance,3
rambing,-1
rancor,-2
rape,-4
rapport,2
rapture,3
rascal,-1
reassurance,1
rebellion,-3
recession,-2
recklessness,-2
recommendation,2
reconciliation,2
recreation,2
redeem,3
redundancy,-2
refinement,2
refusal,-3
regression,-2
reinforcement,1
rejection,-3
relevancy,1
reliability,2
relief,2
remedy,1
remorse,-1
remorselessness,-1
renaissance,3
renovation,1
renown,3
renunciation,-2
repentance,1
reprehension,-3
repression,-2
repugnance,-3
repulsiveness,-3
resentment,-2
reservation,-1
resignation,-1
resourcefulness,3
respite,1
responsibility,2
restlessness,-1
restoration,3
restraint,-1
restriction,-2
resurgence,2
resurrect,1
reunion,2
revelation,4
reverence,3
reverent,2
revival,1
revlusion,-4
revolution,-2
revulsion,-4
riches,1
richness,3
rift,-1
righteousness,2
rigidity,-1
rip-off,-3
robber,-2
robbery,-2
rogue,-1
romance,2
roughness,-2
rouse,-1
rowdiness,-1
rubbish,-3
rudeness,-2
ruffian,-2
rumor,-1
ruthlessness,-4
sadness,-1
safety,2
sagacity,2
saint,3
salutation,1
salvation,1
sanctity,1
sanctuary,2
sanity,1
sarcasm,-1
satisfaction,2
savagery,-3
scam,-3
scam-artist,-1
scandal,-3
scapegoat,-2
scar,-2
scarcity,-1
scheme,-1
schlock,-3
scorn,-3
scoundrel,-3
scourge,-3
scream,-2
scruples,2
scrutiny,-1
scuff,-1
scuffle,-1
scum,-3
secrecy,-1
security,2
segregation,-2
selfishness,-3
self-respect,3
semblance,1
sensation,2
sensitivity,1
sentimentality,-1
serenity,3
seriousness,1
servitude,-2
severity,-3
shadow,-1
sham,-3
shamefulness,-2
shamelessness,-3
shark,-1
shelter,1
shenanigan,-1
shock,-2
shortage,-2
shortcoming,-2
shortfall,-1
shrew,-1
shrewdness,2
shriek,-2
shyness,-1
sickness,-2
significance,2
silliness,2
simplicity,2
sin,-2
sincerity,3
skill,2
skirmish,-1
slime,-3
slop,-1
sloth,-2
sluggishness,-2
slump,-2
smash,2
snub,-2
softness,2
solace,1
solution,2
sorrow,-2
soundness,1
spawn,-3
spectacle,-2
spell,1
spinster,-2
spirituality,1
spite,-3
splendor,3
spontaneity,1
stability,1
stalemate,-1
standout,2
stand-out,2
starvation,-3
stature,2
staunchness,1
steadfastness,1
steadiness,1
stench,-3
stereotype,-2
stigma,-3
stimulation,1
stinker,-3
straggler,-1
strangeness,-1
strength,2
stress,-1
strides,2
strife,-2
stubborness,-2
stubbornness,-1
stud,3
stupidity,-3
stupor,-3
subjection,-2
subjugation,-3
subservience,-2
substance,1
subversion,-2
success,3
sucker,-3
suckiness,-3
suffering,-2
superficiality,-3
superiority,2
superstition,-2
suppression,-1
surge,2
suspicion,-2
sweetheart,2
sweetness,3
swiftness,2
swill,-2
sympathy,2
symptom,-1
synthesis,1
taboo,-1
tact,2
talent,3
tantrum,-3
taste,2
temper,-1
temperance,1
tempest,-1
temptation,-2
tenacity,2
tenderness,2
tension,-2
terribleness,-4
terror,-4
terrorism,-4
theft,-2
thief,-2
thirst,-1
thoughtfulness,3
thoughtlessness,-2
threat,-2
thrift,1
thud,-1
time-waster,-2
timidity,-2
timidness,-1
tirade,-3
tolerance,2
toleration,1
torrent,-1
toughness,1
tour-de-force,4
tragedy,-3
traitor,-3
tramp,-1
tranquility,2
transgression,-2
trap,-2
trash,-3
trauma,-2
travesty,-4
treachery,-4
treason,-4
treat,2
trepidation,-1
tribute,2
trickery,-2
trophy,1
trouble,-2
troublemaker,-2
trustworthiness,3
truth,1
turmoil,-1
tyranny,-3
tyrant,-3
ugliness,-2
ultimatum,-1
undependability,-2
understanding,1
unease,-1
uneasiness,-1
unemployment,-1
unfaithfulness,-2
unhappiness,-2
uniqueness,2
unity,2
unlawfulness,-1
unpleasantness,-2
unreliability,-2
unrest,-1
unsteadiness,-1
untruth,-1
unwillingness,-2
uproar,-2
usefulness,1
usurper,-3
vagrant,-2
vagueness,-2
validity,1
valor,3
value,3
variety,1
vastness,2
venom,-3
versatility,3
vexation,-2
viability,1
vice,-2
viciousness,-3
victim,-2
victory,2
vileness,-4
villain,-2
villian,-3
vindictiveness,-3
violation,-2
violence,-2
viper,-2
virtue,2
virulence,-2
virus,-3
visionary,3
vitality,2
void,-1
volatility,-1
volatily,-2
vulgarity,-2
wannabe,-3
war,-2
warmth,2
warning,-1
wastefulness,-2
weakness,-2
weariness,-1
weirdness,-1
weirdo,-3
welfare,1
well-being,2
whiplash,-2
wickedness,-2
willingness,1
wimp,-3
wisdom,3
wit,2
woe,-3
wonder,4
worth,2
wound,-2
wrath,-3
wreck,-3
wretchedness,-4
zaniness,1
zealot,-3
zenith,4
zest,3
zombie,-1
(#be#)_able_to,2
(#blow#)_#NP?#_up,-2
(#blow#)_$NP?#_away,3
(#blow#)_it,-3
(#break#)_down,-3
(#break#)_through,1
(#break#)_up,-2
(#bring#)_#NP?#_to_life,3
(#come#)_together,2
(#come#)_up_against,-1
(#come)_up_short,-2
(#fall#)_[INT]?_flat,-4
(#fall#)_apart,-2
(#fall#)_behind,-2
(#fall#)_short,-2
(#get#)_[INT|PRP$]?_attention,1
(#get#)_across,1
(#get#)_ahead,2
(#get#)_along,1
(#get#)_away_with,-1
(#get#)_on_PRP$_nerves,-3
(#give#)_in,-1
(#give#)_up,-1
(#go#)_[INT]?_with,1
(#go#)_against,-1
(#go#)_under,-3
(#grow#)_apart,-1
(#grow#)_on_$PRP,2
(#hang#)_together,1
(#have#)_[INT]?_no_clue,-2
(#have#)_it_all,4
(#hold#)_[PRP$]_attention,2
(#hold#)_up,1
(#make#)_[INT]?_sense,1
(#run#)_out,-1
(#see#)_DT_point,1
(#stand#)_out,1
(#string#)_along,-2
(#take#)_DT_hit,-2
(#think#)_[INT]?_highly_of,3
(act)_funny,-1
(amount)_to,1
(back)_out,-1
(beat)_#PER?#_out,1
(beef)_up,2
(believe)_in,1
(bog)_down,-2
(boot)_out,-2
(bowl)_#PER?#_over,2
(branch)_out,2
(brighten)_#NP?#_up,2
(brush)_#PER?#_off,-1
(build|built)_up,1
(cash)_in-on,-2
(cast)_aside,-2
(caught)_up_in,2
(chicken)_out,-3
(choke)_#NP?#_down,-2
(coop)_up,-2
(cop)_out,-2
(crawl)_with,-1
(cut)_off,-1
(deck)_out,2
(dream)_on,-3
(drift)_apart,-1
(drive)_#PER?#_away,-2
(drive)_#PER?#_nuts,-3
(dumb)_down,-2
(follow)_through,1
(fritter)_away,-1
(fuck)_#NP?#_up,-3
(fuck)_#PER?#_over,-4
(gang)_up,-1
(gross)_#PER?#_out,-2
(hit)_it_off,2
(jazz)_#NP?#_up,2
(jerk)_#PER?#_around,-2
(juice)_#NP?#_up,1
(kick)_#PER?#_out,-1
(lag)_behind,-1
(lash)_out,-2
(let)_#PER?#_down,-2
(light)_#NP?#_up,1
(limit)_#NP?#_to,-2
(liven)_up,1
(load)_down,-1
(look)_down_on,-1
(look)_forward_to,1
(luck)_out,2
(mess)_#NP?#_up,-3
(mess)_with,-2
(object)_to,-1
(pad)_#NP?#_out,-1
(pale)_in,-2
(palm)_off,-1
(pan)_out,1
(pander)_to,-2
(pass)_#NP?#_off_as,-1
(perk)_#PER?#_up,1
(pick)_on,-1
(piss)_#PER?#_off,-3
(plan)_ahead,1
(pose)_as,-1
(profit)_from,1
(pull)_#NP?#_off,2
(put)_#PER?#_off,-2
(put)_up_with,-1
(reek)_of,-3
(resonate)_with,1
(rip)_off,-3
(roll)_over_in_PRP$_grave,-4
(saddle)_with,-1
(scrape)_by,-1
(set)_#NP?#_apart,2
(settle)_[with|for],-1
(shake)_#PER?#_up,-1
(shape)_up,1
(shell)_out,-1
(shirk)_from,-2
(show)_off,-1
(shut)_up,-2
(skimp)_on,-1
(skip)_it,-2
(slap)_on,-2
(smack)_of,-1
(smooth)_[out|over],1
(spice)_$NP?#_up,1
(stay)_away,-2
(steer)_clear,-2
(stir)_$NP?#_up,-1
(straighten)_out,1
(suck)_#PER?#_in,3
(talk)_down_to,-1
(thrive)_on,3
(touched)_by,2
(turn)_$NP?#_down,-1
(turn)_[INT]_heads,3
(turn)_against,-1
(walk)_out,-2
(wallow)_in,-2
(wear)_#NP?#_out,-1
(weasel)_out_of,-3
(weigh)_on,-2
(wimp)_out,-2
(wipe)_out,-2
[#can#]_(#do#)_better,-2
[#can#]_(#do#)_without,-2
[#can#]_(#do#)_worse,1
[#can#]_not_(put)_#NP?#_down,4
[all|everything]_that_it_was_(cracked)_up_to_be,2
abase,-2
abhor,-5
abolish,-2
absolve,1
abuse,-3
accept,1
accommodate,1
accomodate,1
accomplish,1
accost,-2
accuse,-2
acerbate,-2
ache,-1
achieve,3
admire,3
adore,4
affirm,1
afflict,-2
aggravate,-3
agitate,-2
agonize,-4
aid,2
alarm,-3
alienate,-3
allege,-2
alleviate,1
amaze,3
ambush,-2
ameliorate,2
amputate,-2
amuse,2
anger,-2
annihilate,-4
annoy,-2
antagonize,-2
anticipate,1
appal,-3
appall,-5
appease,1
applaud,2
appreciate,2
approve,2
argue,-1
aspire,1
assassinate,-2
assault,-3
assist,1
atrophy,-3
attack,-2
attain,1
attract,2
attraction,2
aunguish,-2
avert,-2
award,1
awe,4
babble,-2
badger,-2
baffle,-3
balk,-2
banish,-2
barge,-1
bash,-2
bastardize,-3
battle,-1
bear,-1
beat,-2
beautify,3
befit,1
befoul,-3
befriend,1
befuddle,-1
behead,-3
belabor,-1
belch,-1
beleaguer,-1
belie,-3
belittle,-3
bemoan,-2
besmirch,-2
bestow,2
betray,-4
beware,-2
bewilder,-3
bias,-2
bite,-2
blab,-1
blabber,-1
blacken,-1
blaspheme,-3
blast,-3
blather,-2
block,-2
bloom,1
blunder,-2
blur,-1
boast,2
bolster,2
bolt,-1
bombard,-3
boost,2
booze,-2
bore,-3
bother,-2
brag,-2
brainwash,-3
brandish,-1
breach,-1
bribe,-2
bristle,-2
browbeat,-3
bruise,-1
brutalize,-3
bug,-2
bungle,-2
butcher,-4
cancel,-1
cannibalize,-5
capitalize,1
capitivate,3
capsize,-3
capture,1
care,2
careen,-3
caress,2
carp,-1
celebrate,2
chafe,-2
challenge,-1
chastise,-1
cheapen,-2
cheat,-3
cherish,3
chide,-1
choke,-2
clash,-2
cleanse,1
clog,-1
coddle,-1
coerce,-2
collaborate,2
collapse,-2
collide,-1
collude,-2
combat,-1
comfort,1
commemorate,2
commend,3
commiserate,-2
commune,1
communicate,1
compel,-1
compensate,1
complain,-2
complement,1
complicate,-1
complicit,-2
compliment,2
compromise,1
conceal,-2
concoct,-1
condemn,-3
condone,1
confine,-2
conflict,-2
conform,-1
confound,-3
confront,-1
confuse,-2
congratulate,2
conquer,2
conspire,-2
constrain,-2
contaminate,-3
contradict,-2
contribute,2
contrive,-2
convince,1
cooperate,2
coordinate,2
corrode,-3
corrupt,-3
could_[not]?_(care)_less,-4
counsel,1
covet,-2
cram,-3
cramp,-1
crave,-1
create,2
credit,2
cringe,-2
cripple,-2
criticize,-2
croak,-1
crusade,1
crush,-2
culminate,4
cultivate,2
curse,-3
curtail,-2
cuss,-1
damage,-2
daunt,-1
dawdle,-1
dazzle,3
deafen,-1
debase,-2
decay,-2
deceive,-2
decrease,-1
dedicate,2
defame,-3
default,-1
defeat,-2
defile,-5
deflate,-1
deform,-1
degenerate,-3
degrade,-3
delay,-1
delight,3
delude,-1
demean,-3
demise,-1
demolish,-3
demonize,-3
demoralize,-3
demystify,1
denigrate,-2
denounce,-3
deplete,-2
deplore,-3
depreciate,-1
depress,-2
deprive,-2
deride,-2
desecrate,-3
deserve,2
despair,-3
despise,-5
despoil,-3
destroy,-3
deteriorate,-3
detest,-4
detract,-2
devastate,-4
deviate,-1
devote,3
dictate,-1
die,-1
dignify,1
disagree,-2
disappoint,-2
disapprove,-2
disavow,-3
discolor,-1
disconnect,-1
discontinue,-1
discourage,-1
discredit,-2
discriminate,-2
disenchant,-2
disgrace,-4
disgust,-3
dishearten,-2
dishonor,-2
disillusion,-3
dislike,-2
dismiss,-1
disorient,-1
disparage,-3
dispense,-1
displease,-1
dispose,-1
dispute,-1
disrespect,-2
disrupt,-2
diss,-2
dissatisfy,-2
distort,-2
distract,-1
distress,-2
disturb,-2
ditch,-1
divorce,-1
dminish,-2
dominate,-1
donate,1
doom,-2
downshift,-1
drag,-2
drain,-2
dread,-4
drown,-2
dump,-2
dupe,-1
dwindle,-1
earn,1
economize,1
edify,1
efficiency,1
elate,4
eliminate,-2
emancipate,2
emasculate,-2
embarrass,-2
embellish,1
embrace,2
emote,-2
empathize,1
empower,1
enable,1
enchant,3
encourage,2
encroach,-2
endanger,-1
endear,3
endorse,2
endow,1
endure,-1
energize,3
enervate,-2
enforce,-1
engage,2
engulf,-1
enhance,2
enjoy,3
enlighten,1
enliven,2
enoble,2
enrage,-3
enrich,2
enslave,-3
entangle,-1
entertain,3
enthral,4
enthrall,4
entrust,1
envision,1
envy,-1
eradicate,-3
erase,-1
erode,-2
err,-1
establish,1
esteem,2
evade,-1
evict,-2
eviserate,-3
evoke,2
evolve,1
exacerbate,-2
exaggerate,-1
exalt,4
exasperate,-3
exceed,1
excel,3
excite,1
exclude,-1
excoriate,-3
execrate,-4
execute,-1
exhaust,-2
exhilarate,3
exonerate,1
expel,-2
experience,1
exploit,-3
expose,-1
exterminate,-3
extinguish,-1
extol,2
extoll,2
exult,4
fabricate,-2
facilitate,2
fail,-3
falter,-2
familiarize,1
fascinate,4
fatigue,-1
fault,-2
favor,2
feign,-1
felicitate,1
fidget,-1
fit,2
flabbergast,-2
flatter,1
flaunt,-2
flee,-1
flounder,-2
flout,-2
fluster,-1
fool,-2
forbid,-1
force,-2
forfeit,-2
forgive,1
fornicate,-2
forsake,-2
fortify,1
foster,1
frazzle,-1
fret,-1
frighten,-1
frolic,1
frown,-1
frustrate,-3
fuck,-4
fulfill,2
fumble,-1
gain,2
gamble,-1
garnish,1
gawk,-1
generate,1
gladden,3
gleam,1
glitter,1
gloat,-3
glorify,-1
glow,1
glower,-3
grab,-1
grabble,-1
graduate,1
gratify,1
grieve,-2
gripe,-2
grouse,-2
growl,-1
grumble,-1
guide,1
gush,3
haggle,-1
hamper,-2
hamstrung,-2
harass,-3
harm,-2
harmonize,2
harness,1
harry,-2
hate,-4
heal,2
heckle,-2
hedge,-2
help,1
highlight,2
hinder,-2
hiss,-1
hoard,-1
hobble,-1
hollywoodise,-1
hoodwink,-1
hopelessness,-3
horrify,-4
hound,-1
humiliate,-3
hunger,-2
hurt,-1
hustle,-2
idolize,-1
ignore,-1
illuminate,2
immerse,2
impair,-2
impede,-2
impel,-1
imperil,-3
impinge,-1
implicate,-1
implore,-1
impose,-1
impoverish,-3
impress,3
imprison,-1
improve,2
impugn,-2
inability,-2
incense,-3
incur,-2
induce,-1
inept,-2
infect,-2
infest,-2
inflame,-1
inflict,-2
inform,1
infuriate,-4
inherit,1
inhibit,-1
injure,-2
innovate,3
insinuate,-1
inspire,2
insult,-3
interest,2
interfere,-1
interrupt,-1
intoxicate,-1
intrigue,2
intrude,-1
inundate,-1
invade,-2
invalidate,-2
invigorate,2
irk,-1
irritate,-2
jabber,-1
jam,-1
jeer,-2
jeopardize,-2
jest,1
jostle,-1
keen,3
lack,-2
lambaste,-3
lament,-1
last,1
laugh,2
leak,-1
liberate,2
lie,-2
like,1
limp,-1
liquidate,-1
loath,-5
loathe,-4
loom,-3
lose,-2
lost,-2
love,3
lurk,-1
malfunction,-2
malign,-2
mangle,-3
manipulate,-2
mar,-2
marvel,3
master,2
meddle,-1
mediate,1
menace,-2
mesh,2
mesmerize,3
mess,-2
micromanage,-1
mire,-2
misbehave,-1
miscalculate,-2
miscast,-1
mishandle,-1
misinform,-1
misinterpret,-1
mislead,-1
misled,-1
mismanage,-2
mismatch,-1
misrepresent,-1
mistrust,-1
misunderstand,-1
misunderstood,-1
misuse,-1
moan,-1
mock,-2
molest,-3
mope,-2
mortify,-4
motivate,2
multitask,1
murder,-2
muster,-1
mutter,-1
nag,-2
nauseate,-3
negate,-2
neglect,-2
neutralize,-1
nominate,1
not_(shut)_up,-3
nourish,1
nullify,-1
nurture,2
obey,1
obliterate,-3
obscure,-1
obsess,-2
obstruct,-2
offend,-2
offer,1
omit,-1
oppose,-2
oppress,-3
ostracize,-2
oust,-1
outperform,2
outrage,-4
outshine,2
outsmart,1
outwit,1
overachieve,-1
overact,-2
overcame,2
overcome,2
overdo,-2
overflow,-1
overheat,-1
overinflate,-1
overlook,-1
overpower,-1
overreach,-1
overreact,-1
overrun,-1
overshadow,-2
oversimplify,-1
overwhelm,-1
pain,-2
pamper,-1
pan,-2
panic,-4
paralyze,-2
patronize,-2
peeve,-1
perish,-1
perplex,-2
persecute,-1
persevere,1
perturb,-2
pervade,-1
pervert,-3
pester,-2
pigeonhole,-2
pillage,-3
pioneer,2
piss,-2
placate,-1
plagerize,-3
plagiarize,-3
plague,-3
please,2
plod,-1
plunder,-2
pollute,-2
pontificate,-2
pout,-2
praise,3
prattle,-1
preen,-2
prejudge,-1
pretend,-2
prevade,-2
prevail,1
prevaricate,-1
prize,3
procrastinate,1
profit,2
progress,2
prohibit,-1
prolong,-1
promote,1
prosecute,-2
prosper,2
protect,1
provoke,-2
PRP_(#blow#),-3
pry,-1
punish,-2
purify,2
purr,1
quibble,-1
quit,-1
radiate,2
rage,-3
rally,2
ramble,-2
rankle,-1
rationalize,-1
rattle,-1
ravage,-3
rave,3
reactivate,1
reap,2
reassure,1
rebuff,-2
rebuke,-3
rebut,-1
recede,-1
reclaim,1
recline,1
recoil,-2
recommend,2
reconcile,2
rectify,1
redemption,2
reek,-3
refine,2
refrain,-1
refresh,2
refuse,-2
refute,-1
regress,-2
regret,-3
regurgitate,-3
rehash,-1
reienforce,1
reinstate,1
reject,-3
rejoice,3
relapse,-2
relax,1
relegate,-2
relieve,1
relish,4
remodel,1
renewal,2
renounce,-2
renovate,1
repair,2
repent,1
repose,1
repress,-2
reproach,-2
reprove,-2
repudiate,-3
repugn,-3
repulse,-4
rescue,1
resent,-2
resolve,2
resound,3
respect,3
restore,3
restrict,-2
retaliate,-1
retard,-2
retreat,-1
reunite,2
revel,2
revenge,-2
revere,4
revert,-2
revile,-4
revitalize,3
revive,1
revoke,-2
revolt,-2
revulse,-2
reward,2
rid,-1
ridicule,-3
rip,-1
ripen,1
risk,-1
rival,2
rob,-2
rock,4
romanticize,-1
rot,-3
rue,-3
ruin,-4
rupture,-2
rust,-1
sabotage,-3
sacrifice,-1
sadden,-2
sag,-1
salute,1
sanctify,3
sap,-2
satisfy,1
savor,3
scald,-1
scandalize,-3
scare,-1
scoff,-3
scold,-2
scorch,-1
scowl,-1
scrape,-1
screech,-3
screw,-2
scrutinize,-1
secure,1
seethe,-3
seize,-2
sever,-2
shame,-2
share,1
shatter,-2
shirk,-2
shit,-3
shred,-2
shrivel,-3
shun,-2
sidetrack,-1
signify,1
simplify,1
skulk,-2
slam,-3
slander,-2
slash,-1
slaughter,-4
slave,-2
slot,-2
slug,-1
smear,-2
smile,1
smother,-3
smuggle,-1
snatch,-1
sneak,-1
sneer,-2
snivel,-1
snore,-2
sob,-1
soften,1
soothe,1
spank,-2
sparkle,2
spellbind,3
spellbound,3
spew,-3
spice,1
spoil,-2
sprain,-1
sputter,-2
squander,-2
squirm,-1
stabilize,1
stagnate,-2
stain,-2
stalk,-2
stammer,-1
standarize,1
stank,-3
startle,-2
starve,-3
steal,-2
stifle,-2
stimulate,1
sting,-1
stink,-3
stole,-1
strain,-2
strangle,-2
stray,-1
streamline,1
stretch,-2
struggle,-2
strut,1
stuck,-1
stumble,-1
stunk,-3
stunt,-1
subject,-1
subjugate,-3
subside,1
substantiate,2
subvert,-3
succeed,3
succumb,-2
suck,-3
suffer,-2
suffice,1
suffocate,-2
suit,1
supercharge,1
support,1
suppress,-1
surmount,3
surpass,3
sweeten,2
swoon,2
swore,-1
sympathize,2
taint,-2
tamper,-2
tarnish,-2
taunt,-2
tear,-1
tease,-1
terrify,-4
terrorize,-4
thank,2
thrash,-2
threaten,-2
thrill,3
thrive,3
thwart,-3
tire,-1
titillate,1
toil,-2
tolerate,1
torment,-3
torn,-1
torture,-4
trample,-2
transcend,3
transgress,-1
traumatize,-3
treasure,3
trespass,-1
trick,-1
triumph,3
trivialize,-2
trudge,-1
trust,2
typecast,-1
undermine,-2
underuse,-1
underutilize,-1
underwhelm,-2
undid,-1
undo,-1
unnerve,-2
unravel,-1
upgrade,1
uplift,3
uproot,-1
upset,-3
upstage,-1
usurp,-3
vandalize,-2
venerate,2
vex,-2
vilify,-3
vindicate,3
violate,-2
vomit,-4
wail,-3
wallow,-2
wane,-1
warp,-1
wary,-2
waste,-2
weaken,-2
whine,-1
whip,-1
who_(cares),-3
wilt,-2
win,2
wince,-1
womanize,-3
won,3
worry,-1
worsen,-3
wow,3
wreak,-3
writhe,-2
yawn,-1
yearn,-1
yell,-1
